00129207 <feng.shengqin@zte.com.cn>
4k_rajesh <4k.rajesh@gmail.com>
98k <18552437190@163.com>
AKholkin <alexmangt540@gmail.com>
Aaron Greengrass <aaron@greenbtn.com>
Abdul Azhar Mohammed <abdulazharmohammed@gmail.com>
Abe Music <abe.music@gmail.com>
Abel Lopez <abelopez@cisco.com>
Abel Navarro <abel.navarro@gmail.com>
Abhijeet Malawade <abhijeet.malawade@gmail.com>
Abhijeet.Jain <abhijeet.jain@nectechnologies.in>
Abhilash Divakaran <abhilashd@tegile.com>
Abhishek Jaiswal <reach.abhishekj@gmail.com>
Abhishek Kekane <konan.abhi@gmail.com>
Abhishek Lekshmanan <abhishek.lekshmanan@gmail.com>
Abitha Palaniappan <abitha.palaniappan@hp.com>
Accela Zhao <accelazh@gmail.com>
Adam Coldrick <adam.coldrick@codethink.co.uk>
Adam Gandelman <adamg@ubuntu.com>
Adam Harwell <flux.adam@gmail.com>
Adolfo Duarte <adolfo.duarte@hpe.com>
Adolfo Duarte <adolfo.duarte@suse.com>
Adrian Smith <adrian.smith@workday.com>
Adriano Rosso <adriano.rosso@fit-tecnologia.org.br>
Adrien Cunin <adrien.cunin@osones.com>
Ahsan <ahsanmohsin04@yahoo.com>
Ailing Zhang <zhangal1992@gmail.com>
Aishwarya Thangappa <aishu.ece@gmail.com>
Aishwarya Thangappa <aishwarya.thangappa@gmail.com>
Ajaya Agrawal <ajku.agr@gmail.com>
Akash Gangil <akashg1611@gmail.com>
Akhila Kishore <akhila.kishore@intel.com>
Akilan Pughazhendi <akilan.pughazhendi@intel.com>
Al Miller <al.miller@hp.com>
Ala Raddaoui <raddaoui.ala@intel.com>
Alan Meadows <alan.meadows@gmail.com>
Alberto Planas <aplanas@gmail.com>
Alejandro Emanuel Paredes <alejandro.e.paredes@intel.com>
Alejandro Escobar <jaescobar.cell@gmail.com>
Aleksey Alekseenko <aalekseenko@hystax.com>
Aleksey Nakoryakov <bargool@gmail.com>
Alena Holanova <alena.holanova@tcpcloud.eu>
Alessandro Pilotti <ap@pilotti.it>
Alex Barclay <alex@planet-barclay.com>
Alex Holden <alex@alexjonasholden.com>
Alex Meade <mr.alex.meade@gmail.com>
Alex O'Rourke <alex.orourke@hpe.com>
Alex Schultz <aschultz@mirantis.com>
Alex Schultz <aschultz@redhat.com>
Alex Wu <Alex@gmail.com>
Alexander Aleksiyants <aleksiyantsa@gmail.com>
Alexander Bashmakov <alexander.bashmakov@intel.com>
Alexander Chadin <a.chadin@servionica.ru>
Alexander Chudnovets <alexander_chudnovets@symantec.com>
Alexander Nikitenkov <ainikitenkov@gmail.com>
Alexander Tivelkov <ativelkov@mirantis.com>
Alexandr Notchenko <anotchenko@mirantis.com>
Alexandra Settle <alexandra.settle@outlook.com>
Alexei Vinogradov <alexei_vinogradov@symantec.com>
Alexey Galkin <agalkin@mirantis.com>
Alexey Khivin <akhivin@mirantis.com>
Alexey Shtokolov <ashtokolov@mirantis.com>
Aleš Křivák <ales.krivak@ultimum.io>
Aleš Křivák <ales.krivak@ultimumtechnologies.com>
Alin Gabriel Serdean <aserdean@ovn.org>
Aline Bousquet <albousque@gmail.com>
Alistair Coles <alistairncoles@gmail.com>
Allen Gao <wanlong.gao@easystack.cn>
Allen Sun <allen.sun@daocloud.io>
Allison Randal <allison@lohutok.net>
Alok Jani <alokjani.web@gmail.com>
Alvaro Lopez Garcia <aloga@ifca.unican.es>
Alyson Rosa <alyson.rodrigues.rosa@gmail.com>
Aman Kumar <amank@hp.com>
Amir Mofakhar <amir@mofakhar.info>
Amir Mofakhar <amofakhar@op5.com>
Amrith Kumar <amrith@amrith.org>
Amrith Kumar <amrith@tesora.com>
Amulya Battu <battu.amulya@gmail.com>
Amy Marrich (spotz) <amy@demarco.com>
Anand Shanmugam <anand1712@gmail.com>
Anant Patil <anant.patil@hp.com>
Anastasia Martynova <anastasia_martynova@symantec.com>
Anderson Mesquita <andersonvom@gmail.com>
Andrea Frittoli (andreaf) <andrea.frittoli@hp.com>
Andrea Frittoli <andrea.frittoli@gmail.com>
Andrea Frittoli <andrea.frittoli@hp.com>
Andrea Rosa <andrea.rosa@hp.com>
Andreas Florath <andreas@florath.net>
Andreas Jaeger <aj@suse.com>
Andreas Jaeger <aj@suse.de>
Andrei V. Ostapenko <Andrey_Ostapenko@symantec.com>
Andrei V. Ostapenko <aostapenko@mirantis.com>
Andrew Boik <drew.boik@gmail.com>
Andrew Bramley <andrew.bramley@verizonwireless.com>
Andrew Hutchings <andrew@linuxjedi.co.uk>
Andrew Laski <andrew@lascii.com>
Andrew Lazarev <alazarev@mirantis.com>
Andrew Maksimov <amaksimov@mirantis.com>
Andrew Papsujko <apapsujko@hystax.com>
Andrew Spiers <andrew@andrewspiers.net>
Andrey Kurilin <akurilin@mirantis.com>
Andrey Kurilin <andr.kurilin@gmail.com>
Andy Botting <andy@andybotting.com>
Angelo Matarazzo <angelo.matarazzo@dektech.com.au>
Angus Lees <guslees@gmail.com>
Angus Salkeld <angus.salkeld@rackspace.com>
Angus Salkeld <asalkeld@mirantis.com>
Anh Tran <anhtt@vn.fujitsu.com>
Aniket Anikhindi <aniketanikhindi@gmail.com>
Anindita Das <anindita.das@intel.com>
Anish Bhatt <anish.bhatt@salesforce.com>
Anish Bhatt <anish@chelsio.com>
Anita Kuno <anteaya@anteaya.info>
Ankur Gupta <ankur.gupta@intel.com>
Ankur Rishi <ankur.rishi@gmail.com>
Ann Kamyshnikova <akamyshnikova@mirantis.com>
Anne Gentle <agentle@cisco.com>
Annie Lezil <annie.lezil@gmail.com>
Anthony Lee <anthony.mic.lee@hp.com>
Anthony Washington <anthony.washington@intel.com>
Antoine Cabot <antoine.cabot@b-com.com>
Antoine Musso <hashar@free.fr>
Antoine Rouyer <antoine.rouyer@numergy.com>
Anton Kremenetsky <akremenetsky@dev.rtsoft.ru>
Anton Kremenetsky <anton.kremenetsky@yandex.ru>
Anton Merzlyakov <amerzlyakov@selit.ru>
Antoni Segura Puimedon <antonisp@celebdor.com>
Antonio Ojea <antonio.ojea.garcia@gmail.com>
Antonio Ojea <aojea@midokura.com>
Anusha Ramineni <anusha.iiitm@gmail.com>
Anusha Unnam <anusha.unnam@intel.com>
Anusree <anusree.a04@gmail.com>
Aparna <aparnavtce@gmail.com>
Aqsa <aqsa.fatima2011@gmail.com>
Aqsa <aqsamm@gmail.com>
ArchiFleKs <lefevre.kevin@gmail.com>
Arif Ali <mail@arif-ali.co.uk>
ArkadyKanevsky <arkady_kanevsky@dell.com>
Armando Migliaccio <armamig@gmail.com>
Arnon Yaari <arnony@infinidat.com>
Arun Das <yab277@my.utsa.edu>
Arun Dhiman <arundhiman86@gmail.com>
Arundhati Surpur <arundhati@nectechnologies.in>
Arunkumar Ramadass <arunkumar-3.r-3@cognizant.com>
Ashish Singh <ashishsingh2k8@gmail.com>
Ashleigh Farnham <ashleighfarnham@gmail.com>
Ashraf Vazeer <ashraf.vazeer@hp.com>
Ashutosh Mishra <mca.ashu4@gmail.com>
Ashwin Agate <ashwin.agate@suse.com>
Ashwini Khandarkar <ashu@coolsvap.net>
Asmita Singh <asmitas43@gmail.com>
Assaf Muller <amuller@redhat.com>
Augustina Ragwitz <aragwitz+lp@pobox.com>
Augustina Ragwitz <auggy@cpan.org>
AzherKhan <azher-ullah.khan@hp.com>
AzherKhan <azkhan@hpe.com>
Bai Yongjun <byj994@163.com>
Bardia Keyoumarsi <bardia.keyoumarsi@cohodata.com>
Basil Baby <basil_baby@cable.comcast.com>
Belmiro Moreira <moreira.belmiro.email.lists@gmail.com>
Ben Motz <bmotz@cray.com>
Ben Nemec <bnemec@redhat.com>
Bert Yuan <bertyuan@gmail.com>
Bertie Fulton <bertie.fulton@ampliphae.com>
Bertie Fulton <bertie.fulton@sap.com>
Beth Elwell <belwell@redhat.com>
Bharat Kunwar <b.kunwar@gmail.com>
Bharath Krishna <bkrishna@walmartlabs.com>
Bharath M <bharath.stacker@gmail.com>
Bharath Thiruveedula <bharath_ves@hotmail.com>
Bharath kumar <shettybharath4@gmail.com>
Bhuvan Arumugam <bhuvan@apple.com>
Big Bear <lixing3@sgitg.sgcc.com.cn>
Bin Hu <bh526r@att.com>
Bin Zhou <lakerzhou@gmail.com>
Bin Zhou <zhou.bin9@zte.com.cn>
Bin-Lu <369283883@qq.com>
Binoy M V <binoy.v@cognizant.com>
Blake Covarrubias <blake@platform9.com>
Bo Wang <bo.wang@easystack.cn>
Bob Taylor <robertt@pobox.com>
Bob.Haddleton <bob.haddleton@nokia.com>
Bogdan Dobrelya <bogdando@mail.ru>
Boris Bobrov <b.bobrov@corp.mail.ru>
Boris Bobrov <bbobrov@suse.com>
Boris Pavlovic <boris@pavlovic.me>
Boris Pavlovic <bpavlovic@godaddy.com>
Brad Lodgen <brad@lodgens.com>
Bradley Jones <jones.bradley@me.com>
Brandon B. Jozsa <bjozsa@jinkit.com>
Brandon Irizarry <iz.brandon@yahoo.com>
Brian Haley <bhaley@redhat.com>
Brian Haley <brian.haley@hpe.com>
Brian Moss <kallimachos@gmail.com>
Brian Rosmaita <brian.rosmaita@rackspace.com>
Brian Rosmaita <rosmaita.fossdev@gmail.com>
Brian Tully <brian.tully@hp.com>
BruceChiZhang <zhangchi@szzt.com.cn>
Bryan Strassner <bryan.strassner@gmail.com>
Burt Holzman <burt@fnal.gov>
Byron Grant McCollum <bg@bgm.io>
Béla Vancsics <vancsics@inf.u-szeged.hu>
CR_hui <CR_hui@126.com>
Cady_Chen <chenyingnan@inspur.com>
Cai Hui <cai.hui@zte.com.cn>
Caleb Groom <caleb@calebgroom.com>
Can Zhang <can@canx.me>
Carl Baldwin <carl@ecbaldwin.net>
Carlos Cesario <carloscesario@gmail.com>
Carlos Goncalves <cgoncalves@redhat.com>
Carlos Goncalves <mail@cgoncalves.pt>
Carlos Konstanski <ckonstanski@pippiandcarlos.com>
Carlos Meza <cmeza99@gmail.com>
Carlos Puga <carlpuga@gmail.com>
Castulo J. Martinez <castulo.martinez@intel.com>
Cedric Brandily <zzelle@gmail.com>
Cedric Savignan <cedric.savignan@orange.com>
ChangBo Guo(gcb) <eric.guo@easystack.cn>
Chaolei Li <chaoleili2@gmail.com>
Charelle Collett <charcol@redhat.com>
Charles Bitter <cbitter78@gmail.com>
Charles Llewellyn <charlie.j.llewellyn@gmail.com>
Charles Short <zulcss@gmail.com>
Chen <dstbtgagt@foxmail.com>
Chen Hanxiao <chenhx@certusnet.com.cn>
Chen Zhiwei <zhiweik@gmail.com>
ChenZheng <chen.zheng@easystack.cn>
Chiawei Xie <jeffxie@iii.org.tw>
Ching Sun <chingsun@hotmail.com>
Chmouel Boudjnah <chmouel@enovance.com>
Chris Buccella <buccella@linux.vnet.ibm.com>
Chris Buccella <chris.buccella@antallagon.com>
Chris Buccella <chris.buccella@verilume.com>
Chris Buccella <chris@buccella.org>
Chris Dearborn <Christopher_Dearborn@dell.com>
Chris Dent <cdent@anticdent.org>
Chris Johnson <wchrisjohnson@gmail.com>
Chris Jones <cmsj@tenshu.net>
Chris Krelle <nobodycam@gmail.com>
Chris Robinson <chrisprobinson@outlook.com>
Chris Smart <chris@distroguy.com>
Chris Spencer <christopher.m.spencer@intel.com>
Chris Wedgwood <cw@f00f.org>
Christian Berendt <berendt@b1-systems.de>
Christian Berendt <berendt@betacloud-solutions.de>
Christian Schwede <christian.schwede@enovance.com>
Christoph Thiel <c.thiel@telekom.de>
Christoph Thiel <christoph.thiel@gmail.com>
Christopher Aedo <doc@aedo.net>
Christopher Brown <snecklifter@gmail.com>
Christopher M. Luciano <cmluciano@us.ibm.com>
Christopher Stone <cstone@blizzard.com>
Chuck <ccarlino@hp.com>
Chuck Burkett <chuck@burkett.org>
Chuck Carlino <chuck.carlino@hpe.com>
Chuck Short <charles.short@ericsson.com>
Chulmin Kang <chaman.kang@gmail.com>
Cindy Pallares <cindy.pallaresq@gmail.com>
Clark Boylan <clark.boylan@gmail.com>
Claudiu Belu <cbelu@cloudbasesolutions.com>
Clayton O'Neill <clayton@oneill.net>
Clif Houck <me@clifhouck.com>
Clint Adams <clint@gcfm.net>
Clint Byrum <clint@fewbar.com>
Cody A.W. Somerville <cody.somerville@gmail.com>
Colleen Murphy <colleen@gazlene.net>
Colleen Murphy <comurphy@suse.com>
Conrad Weidenkeller <conrad@weidenkeller.com>
Constantine Kalinovskiy <kkalynovskyi@mirantis.com>
Corey O'Brien <corey.obrien@rackspace.com>
Craig Bryant <craig.bryant@hp.com>
Craig Cerny <craig.cerny@verizonwireless.com>
Craig Sterrett <craig.sterrett@intel.com>
Craig Tracey <craigtracey@gmail.com>
Craig Vyvial <cp16net@gmail.com>
Craige McWhirter <craige@mcwhirter.com.au>
Cristian A Sanchez <cristian.a.sanchez@intel.com>
Cristovao Cordeiro <cjdcordeiro@gmail.com>
CuiHaozhi <cuihaozhi@chinacloud.com.cn>
CuiHaozhi <cuihz@wise2c.com>
Cédric Soulas <cedric.soulas@cloudwatt.com>
D G Lee <yqli2016@fiberhome.com>
Dae Seong Kim <powerds0111@gmail.com>
Dag Stenstad <dag@stenstad.net>
Dai Dang Van <daidv3@viettel.com.vn>
Dale Smith <dale@catalyst-eu.net>
Dan Smith <dansmith@redhat.com>
Dan Stangel <danger@seamus.fc.hp.com>
Dan Stangel <dgstangel@gmail.com>
Dane Fichter <dane.fichter@jhuapl.edu>
Daniel Abad <d.abad@cern.ch>
Daniel Axtens <dja@axtens.net>
Daniel Castellanos <luis.daniel.castellanos@intel.com>
Daniel Gonzalez <daniel@gonzalez-nothnagel.de>
Daniel Mellado <dmellado@redhat.com>
Daniel Russell <danielr@hostworks.com.au>
Daniel Schabarum <da.schabs@gmail.com>
Daniel Speichert <daniel_speichert@cable.comcast.com>
Daniele Pizzolli <daniele.pizzolli@create-net.org>
Danil Golov <d.golov@partner.samsung.com>
Danny Abukalam <danny.abukalam@codethink.co.uk>
Danny Abukalam <danny.abukalam@linbit.com>
Danny Al-Gaaf <danny.al-gaaf@bisect.de>
Darcy <huifeng_qin@163.com>
Darragh O'Reilly <darragh.oreilly@hpe.com>
Darren <darren.chan@rackspace.com>
Darren Wardlow <gdwardlow@gmail.com>
Davanum Srinivas <davanum@gmail.com>
Davanum Srinivas <dims@linux.vnet.ibm.com>
Dave Chen <wei.d.chen@intel.com>
Dave Hillyard <David.Hillyard@VerizonWireless.com>
Dave McCowan <dmccowan@cisco.com>
Dave Walker (Daviey) <email@daviey.com>
David C Wang <dcwangmit01@gmail.com>
David Gurtner <aldavud@crimson.ch>
David Hu <david.hu@hp.com>
David Lenwell <dlenwell@gmail.com>
David Lyle <david.lyle@intel.com>
David Medberry <openstack@medberry.net>
David Moreau Simard <dmsimard@iweb.com>
David Moreau-Simard <dms@redhat.com>
David Paterson <davpat2112@yahoo.com>
David Pursehouse <david.pursehouse@gmail.com>
David Pursehouse <david.pursehouse@sonymobile.com>
David Pursehouse <dpursehouse@collab.net>
David Shrewsbury <shrewsbury.dave@gmail.com>
David Stanek <dstanek@dstanek.com>
David TARDIVEL <David.TARDIVEL@b-com.com>
David-gb <David_zhw1982@163.com>
Davide Guerri <davide.guerri@hp.com>
Dean Troyer <dtroyer@gmail.com>
Debayan Ray <debayan.ray@gmail.com>
Deena <deena@hastexo.com>
DeepaJon <deepak.os31@yahoo.com>
Deliang Fan <deliang.fan@hpe.com>
Denis Cavalcante <dencaval@gmail.com>
Denis Cavalcante <denis.cavalcante@lsbd.ufc.br>
Denise Gregg <denise.d.gregg@intel.com>
Dennis Kusidlo <dennis.kusidlo@gmail.com>
Derek Higgins <derekh@redhat.com>
Devananda van der Veen <devananda.vdv@gmail.com>
Dexter Fryar <dexter.fryar@outlook.com>
Dexter Fryar <dexter.fryar@protonmail.com>
Deyuan Deng <deyuan.deng@gmail.com>
Dharini Chandrasekar <dharini.chandrasekar@intel.com>
Diana Clarke <diana.joan.clarke@gmail.com>
Diana Whitten <hurgleburgler@gmail.com>
Diane Fleming <diflemin@cisco.com>
Diego Zamboni <dzambonil@gmail.com>
Dileep Ranganathan <dileep.ranganathan@intel.com>
Dima Kuznetsov <dima.kuznetsov@toganetworks.com>
Dina Belova <dbelova@mirantis.com>
Dmitriy Makarov <dmakarov@hystax.com>
Dmitry Borodaenko <dborodaenko@mirantis.com>
Dmitry Tantsur <dtantsur@redhat.com>
Donald Stufft <donald@stufft.io>
Dong Jun <dongj@dtdream.com>
Dong Jun <dongjun1014@gmail.com>
Dong Ma <winterma.dong@gmail.com>
Dongcan Ye <hellochosen@gmail.com>
Donovan Francesco (drifterza) <donovan.francesco@gmail.com>
Donovan Jones <donovan@catalyst.net.nz>
Doug Hellmann <doug@doughellmann.com>
Doug Shelley <doug@parelastic.com>
Doug Shelley <dougshelley66@gmail.com>
Doug Szumski <d.s.szumski@gmail.com>
Drew Walters <drewwalters96@gmail.com>
Dustin Lundquist <dustin@null-ptr.net>
Ed Cranford <ed.cranford@gmail.com>
Ed Leafe <ed@leafe.com>
Eddie Ramirez <eddie.ramirez@intel.com>
Edgar Magana <emagana@gmail.com>
Eduardo <edurdneto@hotmail.com>
Eduardo Gonzalez <dabarren@gmail.com>
Egor Guz <guz_egor@yahoo.com>
Einst Crazy <yu.changcai@99cloud.net>
Ekaterina Khripunova <e.khripunova@gmail.com>
Eli Qiao <liyong.qiao@intel.com>
Elise Gafford <egafford@redhat.com>
Elizabeth Elwell <e.r.elwell@gmail.com>
Elizabeth K. Joseph <lyz@princessleia.com>
Ellen Hui <ellenfkh@gmail.com>
Elvis Teixeira <elvis.teixeira@lsbd.ufc.br>
Emma Gordon <emma@projectcalico.org>
Enoch Nkansah <enoch.nkansah@verizonwireless.com>
Enrique Garcia Pablos <enrique.garcia.pablos@bbva.com>
Eoghan Glynn <eglynn@redhat.com>
Erez A. Korn <ek844y@att.com>
Eric Guo <eric.guo@easystack.cn>
Eric M Gonzalez <eric@awnix.com>
Eric Windisch <ewindisch@docker.com>
Eric-Xie <mark_xiett@163.com>
Erik Olof Gunnar Andersson <eandersson@blizzard.com>
Erlon R. Cruz <erlon.cruz@fit-tecnologia.org.br>
Erno Kuvaja <jokke@usr.fi>
Erwan Gallen <erwan@erwan.com>
Esra Çelik <celik.esra@tubitak.gov.tr>
Ethan Lynn <ethanlynnl@vmware.com>
Ettore Simone <ettore.simone@gmail.com>
Evgeniy L <eli@mirantis.com>
Evgeny Kremenetsky <ekremenetsky@dev.rtsoft.ru>
Fan Zhang <zh.f@outlook.com>
Fang He <fang.he@hotmail.com>
Fang Zhen <zhen.fang@easystack.cn>
Fangming Liu <frank_openstack@163.com>
Farhad Sunavala <fsbiz@yahoo.com>
Fatih Degirmenci <fatih.degirmenci@ericsson.com>
Fedor Tarasenko <ftarasenko@itkey.com>
Fedor Zhadaev <fzhadaev@mirantis.com>
Fei Long Wang <flwang@catalyst.net.nz>
Fei Long Wang <flwang@cn.ibm.com>
Felipe Monteiro <felipe.monteiro@att.com>
Felipe Reyes <felipe.reyes@canonical.com>
Felipe Reyes <freyes@suse.com>
Feng Xia <feng_xia41103@hotmail.com>
Ferenc Horváth <hferenc@inf.u-szeged.hu>
Fernando Pimenta <fernando.c.pimenta@gmail.com>
Ferran Rodenas <frodenas@gmail.com>
Finix Lei <leilei4@lenovo.com>
Firstname Lastname <jnimish77@gmail.com>
Flavio Fernandes <flavio@flaviof.com>
Flavio Percoco <flaper87@gmail.com>
Florian Haas <florian@citynetwork.eu>
ForestLee <lichl@hotmail.com>
Francisco Edigleison Barbosa <barbosaedigleison@gmail.com>
Frank Kloeker <f.kloeker@telekom.de>
François Bureau <francois.bureau@cloudwatt.com>
François Magimel <francois.magimel@alumni.enseeiht.fr>
Freya Dian Yu <dian.yu@huawei.com>
Frode Nordahl <frode.nordahl@gmail.com>
Gaetan Trellu <gaetan.trellu@incloudus.com>
Gage Hugo <gagehugo@gmail.com>
Gandharva <gandharva.s@hp.com>
Ganpat Agarwal <gans.developer@gmail.com>
Gary Kotton <gkotton@vmware.com>
Gary Smith <gary.smith@suse.com>
Gary W. Smith <gary.w.smith@hpe.com>
George Tian <tian694293774@gmail.com>
Gerald LONLAS <glonlas@internap.com>
Gerard Braad <me@gbraad.nl>
German Eichberger <German.eichberger@rackspace.com>
German Eichberger <german.eichberger@hp.com>
Gfeng Wong <gfengwong@qq.com>
Ghe Rivero <ghe.rivero@hp.com>
Giles Fox <reddfoxx@gmail.com>
Giuseppe Cossu <gcossu@create-net.org>
Gnanasekar Velu <gvelu@walmart.com>
Go Chiba <go.chiba@gmail.com>
Gonzalo De La Torre <gonzalo_delatorre@live.com>
Goutham Pacha Ravi <gouthampravi@gmail.com>
Goutham Pacha Ravi <gouthamr@netapp.com>
Goutham Pratapa <pratapagoutham@gmail.com>
Graham <gr@ham.ie>
Graham Hayes <graham.hayes@hp.com>
Graham Hayes <graham.hayes@hpe.com>
Graham Hayes <graham.hayes@suse.com>
Greg Faust <gregfaust@gmail.com>
Greg Herlein <gherlein@herlein.com>
Gregory Haynes <greg@greghaynes.net>
Gregory Hooks <gregoryhooksjr@gmail.com>
Guang Ya Liu <liugya@cn.ibm.com>
Guang Yee <guang.yee@suse.com>
Guangya Liu <liugya@cn.ibm.com>
Guihua Zhu <z.zhuguihua@gmail.com>
Guoqiang Ding <dingguoqiang@cloudin.cn>
Gustavo Mitt <gustavo@actar.com.br>
Guy Kim <guy.kim088@gmail.com>
Gábor Antal <antal@inf.u-szeged.hu>
Hahyun <hfamily15@gmail.com>
Hai Shi <shihai1992@gmail.com>
Hajime Miyamoto <ha-miyamoto@kddi.com>
Han Zhou <hzhou8@ebaysf.com>
Hanchen Lin <hantim.lin@gmail.com>
Hangdong Zhang <hdzhang@fiberhome.com>
Hanxi Liu <hanxi.liu@easystack.cn>
Hanxi_Liu <hanxi.liu@easystack.cn>
Haomai Wang <haomai@xsky.com>
Hardik Parekh <hardik.parekh047@gmail.com>
Hareesh Puthalath <hareesh.puthalath@gmail.com>
Harkirat Singh <reachharkirat@gmail.com>
Harry Zhang <resouer@163.com>
Harsh Kotak <harsh.kotak9@gmail.com>
Harshada Mangesh Kakad <harshadak@metsi.co.uk>
Harshit <harshit@acelio.com>
Haw Loeung <haw.loeung@canonical.com>
Hayato Otsuka <hotsuka@mirantis.com>
He Jie Xu <hejie.xu@intel.com>
He Jie Xu <soulxu@gmail.com>
He Xiaoxi <tossmilestone@gmail.com>
Hector I Gonzalez <hector.isaac.gonzalez.mendoza@intel.com>
Heitor Ricardo Alves de Siqueira <heitorricardo.alvesdesiqueira@fit-tecnologia.org.br>
Henar Muñoz Frutos <henar.munozfrutos@telefonica.com>
Henry Gessau <gessau@cisco.com>
Henry Gessau <gessau@gmail.com>
Henry Sun <2994859298@qq.com>
Herman Narkaytis <hnarkaytis@mirantis.com>
Hieu LE <hieulq19@gmail.com>
Himanshu Kumar <singh05himanshu@yahoo.com>
Hirofumi Ichihara <ichihara.hirofumi@gmail.com>
Hiroki Aramaki <h-aramaki@netone.co.jp>
Hiroyasu OHYAMA <user.localhost2000@gmail.com>
Hong Hui Xiao <honghui_xiao@yeah.net>
Hongbin LU <hongbin034@gmail.com>
Hongbin Lu <hongbin.lu@huawei.com>
Hongbin Lu <hongbin034@gmail.com>
HongquanZhu <zhuhq@certusnet.com.cn>
Huachao Mao <huachaomao@gmail.com>
Huan Xiong <huan.xiong@hxt-semitech.com>
Huan Zhang <zhanghuan@chinac.com>
Huang Cheng <huang.cheng@h3c.com>
Hugh Blemings <hugh@blemings.org>
Hugh Saunders <hugh@wherenow.org>
Hugo Nicodemos <hugonicodemos@gmail.com>
Hunt Xu <mhuntxu@gmail.com>
Iago Santos <iago.santos.pardo@cern.ch>
Ian Cordasco <graffatcolmingov@gmail.com>
Ian Y. Choi <ianyrchoi@gmail.com>
Igor Bolotin <igor_bolotin@symantec.com>
Igor Degtiarov <idegtiarov@mirantis.com>
Igor Duarte Cardoso <igor.duarte.cardoso@intel.com>
Igor Duarte Cardoso <igordcard@gmail.com>
Igor Natanael <igornsa@lsd.ufcg.edu.br>
Igor Yozhikov <medput@gmail.com>
Ikuo Kumagai <i-kumagai@bit-isle.co.jp>
Ildiko Vancsa <ildiko.vancsa@gmail.com>
Illia Khudoshyn <ikhudoshyn@mirantis.com>
Ilya Alekseyev <ilyaalekseyev@acm.org>
Ilya Etingof <etingof@gmail.com>
Ilya Popov <ilya_p@hotmail.com>
Ilya Shakhat <ishakhat@mirantis.com>
Ilya Shakhat <shakhat@gmail.com>
Ilya Sviridov <isviridov@mirantis.com>
Ilya Sviridov <sviridov.ilya@gmail.com>
Irena Berezovsky <irenab.dev@gmail.com>
Irina Povolotskaya <ipovolotskaya@mirantis.com>
Isaac "Ike" Arias <ikester@gmail.com>
Isaiah Snell-Feikema <ijsnellf@us.ibm.com>
Iury Gregory Melo Ferreira <iurygregory@gmail.com>
Ivan Dyukov <i.dyukov@samsung.com>
Ivan Shashero <ishashero@hystax.com>
Ivan Shvedunov <ishvedunov@mirantis.com>
Ivan Startsev <istartsev67@istartsev.com>
Ivan Udovichenko <iudovichenko@mirantis.com>
Ivar Lazzaro <ivarlazzaro@gmail.com>
JP Sullivan <jonpsull@cisco.com>
Jacek Swiderski <jacek.swiderski@codilime.com>
Jacek Tomasiak <jacek.tomasiak@gmail.com>
JackPeng300 <2432183391@qq.com>
Jackie Heitzer <jackie_heitzer@cable.comcast.com>
Jackie Yuan <yj2311@126.com>
Jacky Hu <hudayou@hotmail.com>
Jaesang Lee <jaesang_lee@sk.com>
Jaesuk Ahn <bluejay.ahn@gmail.com>
Jaewook Oh <kyle.oh95@gmail.com>
Jaime Gil de Sagredo Luna <jaimegildesagredo@gmail.com>
Jaiveek Shah <jaiveek.shah@gmail.com>
Jake Yip <waipengyip@gmail.com>
Jakub Libosvar <libosvar@redhat.com>
Jakub Pavlik <pavlk.jakub@gmail.com>
James Arendt <james.arendt@hp.com>
James Benson <James.o.benson@gmail.com>
James Bottomley <JBottomley@Parallels.com>
James Dempsey <jamesd@catalyst.net.nz>
James E. Blair <jeblair@hp.com>
James E. Blair <jeblair@linux.vnet.ibm.com>
James E. Blair <jeblair@openstack.org>
James E. Blair <jeblair@redhat.com>
James Li <yueli.m@gmail.com>
James Polley <jp@jamezpolley.com>
Jamie Finnigan <jamie.finnigan@hp.com>
Jamie Lennox <jamielennox@gmail.com>
Jan Zerebecki <jzerebecki@suse.com>
Jared Edwards <zamorano9@gmail.com>
Jarred Deeley <j.mcknight.d@gmail.com>
Jasmeet Sidhu <jasmeet_sidhu@symantec.com>
Jason Myers <jason@jasonamyers.com>
Jason Yan <jason.y.yan@gmail.com>
Jaume Devesa <devvesa@gmail.com>
Javeme <zhangmei.li@easystack.cn>
Javier Pena <jpena@redhat.com>
Jawon Choo <jawon.choo@sk.com>
Jay Clark <jason.t.clark@hp.com>
Jay Conroy <james.conroy@hpe.com>
Jay Faulkner <jay@jvf.cc>
Jay Pipes <jaypipes@gmail.com>
Jay S. Bryant <jungleboyj@electronicjungle.net>
Jaycen Grant <jaycen.v.grant@intel.com>
Jean-Daniel Bonnetot <jean-daniel.bonnetot@corp.ovh.com>
Jean-Daniel Bonnetot <jean-daniel.bonnetot@ovh.net>
Jean-Philippe Evrard <jean-philippe.evrard@rackspace.co.uk>
Jean-Philippe Evrard <jean-philippe@evrard.me>
Jean-Sebastien Bevilacqua <realitix@gmail.com>
Jeffrey Zhang <zhang.lei.fly@gmail.com>
Jennifer Whitty <jlwhittyos@gmail.com>
Jeremy Freudberg <jeremyfreudberg@gmail.com>
Jeremy Liu <liujiong@gohighsec.com>
Jeremy Moffitt <jeremy.moffitt@suse.com>
Jeremy Stanley <fungi@yuggoth.org>
Jerry Zhao <xyzjerry@gmail.com>
Jerry Zhao <zhaoxinyu@huawei.com>
Jesse Pretorius <jesse.pretorius@rackspace.co.uk>
Jesse Proudman <j.proudman@us.ibm.com>
Jesse Proudman <jproudman@bluebox.net>
Ji-Wei <ji.wei3@zte.com.cn>
JiaLei Shi <shijialei@sgitg.sgcc.com.cn>
Jiahao Liang <gzliangjiahao@gmail.com>
Jian Wen <wenjian@letv.com>
JiangGuocai <jiang.guocai@zte.com.cn>
JiangPF <jiangpf1992@outlook.com>
Jim Meyer <jim@geekdaily.org>
Jim Rollenhagen <jim@jimrollenhagen.com>
Jimmy McCrory <jimmy.mccrory@gmail.com>
Jin Nan Zhang <zhang.jinnan@99cloud.net>
Joe Cropper <jwcroppe@us.ibm.com>
Joe Cruz <joe.cruz@rackspace.com>
Joe Gordon <joe.gordon0@gmail.com>
Joe Rodriguez <jrod@rackspace.com>
Joel Coffman <joel.coffman@jhuapl.edu>
Joel Merrick <joel.merrick@datacentred.co.uk>
John Davidge <john.davidge@rackspace.com>
John Dewey <john@dewey.ws>
John Garbutt <john@johngarbutt.com>
John Hinman <john.hinman@intel.com>
John L. Villalovos <john.l.villalovos@intel.com>
John L. Villalovos <openstack.org@sodarock.com>
John McKenzie <jmckind@gmail.com>
John Stanford <john@solinea.com>
John Woodburn <john.l.woodburn@intel.com>
Johnson Dantis <johnson.dantis@hp.com>
Johnson koil raj <johnson.raj@hp.com>
Jonathan Halterman <jhalterman@gmail.com>
Jonathan Harker <code@gentlydownthe.net>
Jonathan Proulx <jon@jonproulx.com>
Jonathan Provost <jprovost@iweb.com>
Jonathan Rosser <jonathan.rosser@rd.bbc.co.uk>
Jonghan Park <jhan12.park@samsung.com>
Joon-Myung Kang <joon-myung.kang@hp.com>
JordanP <jordan.pittier@scality.com>
Jose Mello <jose.eduardo.jr@gmail.com>
Jose Romero <jose.romero@init.se>
Joseph Davis <joseph.a.davis@hp.com>
Joseph Davis <joseph.davis@suse.com>
Joseph Robinson <joseph.robinson@rackspace.com>
Josh Durgin <jdurgin@redhat.com>
Josh Gachnang <josh@pcsforeducation.com>
Joshua Harlow <harlowja@gmail.com>
Joshua Harlow <harlowja@yahoo-inc.com>
Joshua Harlow <jxharlow@godaddy.com>
Joshua Hesketh <josh@nitrotech.org>
Joshua McKenty <jmckenty@gmail.com>
Joshua Trivette <joshuatrivette@gmail.com>
José Pekkarinen <jose.pekkarinen@nokia.com>
Juan Antonio Osorio Robles <jaosorior@redhat.com>
Juan Martinez <jmartinez@cray.com>
Juan Pablo Lopez Gutierrez <juan.pablo.lopez.gutierrez@intel.com>
Judd Maltin <judd_maltin@dell.com>
Jui Chandwaskar <jchandwaskar@op5.com>
Julia Kreger <juliaashleykreger@gmail.com>
Julian Wang <julian.wang@umcloud.com>
Julie Gravel <julie.gravel@hpe.com>
Julie Gravel <julie.gravel@suse.com>
Julien <zhang.jun3g@zte.com.cn>
Julien Marin-Frisonroche <julien.marinfrisonroche@thalesgroup.com>
Julien Vey <julien.vey@numergy.com>
Junjie Wang <wang-junjie@outlook.com>
Justin A Wilson <justin.wilson@intel.com>
Justin Howard <justin@howard@cable.comcast.com>
Justin Scott <justin.a.scott@intel.com>
Jérôme Gallard <jerome.david.gallard@gmail.com>
KALYANI SHINDE <kalyani030592@gmail.com>
KATO Tomoyuki <kato.tomoyuki@jp.fujitsu.com>
Kai Chen <kaichen@outlook.com>
Kallebe Monteiro <kallebe.monteiro@lsbd.ufc.br>
Kanagaraj Manickam <kanagaraj.manickam@hp.com>
Kanagaraj Manickam <kanagaraj.manickam@hpe.com>
Kanagaraj Manickam <mkr1481@gmail.com>
Karthik Prabhu Vinod <karthik.prabhu.vinod@intel.com>
Karthik Suresh <kali.karthik@gmail.com>
Kazunori Shinohara <ksnhr.tech@gmail.com>
Keith Berger <kberger@suse.com>
Keith Berger <keith.berger@hpe.com>
Keith Berger <keith.berger@suse.com>
Kelly Domico <kelly.domico@hp.com>
Ken Wronkiewicz <wh-openstack@wirewd.com>
Ken'ichi Ohmichi <ken-oomichi@wx.jp.nec.com>
Kendall Nelson <kennelson11@gmail.com>
Kennan <wkq5325@gmail.com>
Kenny Johnston <kencjohnston@gmail.com>
Kentaro Matsumoto <kn-matsumoto@kddi.com>
Kentaro Sasaki <kentaro.sasaki@mail.rakuten.com>
Kevin Benton <blak111@gmail.com>
Kevin Benton <kevin@benton.pub>
Kevin Bringard <kevinbri@cisco.com>
Kevin Conway <kevinjacobconway@gmail.com>
Kevin TIBI <kevintibi@hotmail.com>
Kevin Zhao <kevin.zhao@arm.com>
Kevin Zhao <kevin.zhao@linaro.org>
Kevin_Zheng <zhengzhenyu@huawei.com>
Keyang Li <ilkykli@gmail.com>
Khai Do <zaro0508@gmail.com>
Kiall Mac Innes <kiall@hp.com>
Kien Ha <kienha9922@gmail.com>
Kien Nguyen <kiennt65@viettel.com.vn>
Kieran Forde <kforde@redhat.com>
Kieran Forde <kieran.forde@hp.com>
Kieran Spear <kispear@gmail.com>
Kim Bao Long <longkb@vn.fujitsu.com>
Kiran <kiran.ranganath@maplelabs.com>
Kiran Ranganath <kiran7193@gmail.com>
Kirill Izotov <enykeev@stackstorm.com>
Kirill Shileev <kshileev@gmail.com>
Kirill Zaitsev <k.zaitsev@me.com>
Kiseok Kim <kiseok7@gmail.com>
Koichi Yoshigoe <koichi.yoshigoe@gmail.com>
Koichi Yoshigoe <koichi.yoshigoe@mail.rakuten.com>
Koteswara Rao Kelam <koteswara.kelam@hp.com>
Kristi Nikolla <knikolla@bu.edu>
Ksenia Svechnikova <ksvechnikova@mirantis.com>
Kui Shi <skuicloud@gmail.com>
Kun Huang <gareth@openstacker.org>
Kurt Martin <kurt.f.martin@hp.com>
Kurt Taylor <kurt.r.taylor@gmail.com>
Kurtis Cobb <kurtis.cobb@gmail.com>
Kyle Mestery <mestery@mestery.com>
Kyle Stevenson <kyle@kylestevenson.me>
LIU Yulong <i@liuyulong.me>
LIU Yulong <liuyulong@le.com>
Lachlan Evenson <lachlan.evenson@lithium.com>
Lana Brindley <openstack@lanabrindley.com>
Lance Bragstad <lbragstad@gmail.com>
Larry Rensing <larry.rensing@charter.com>
Leandro I. Costantino <leandro.i.costantino@intel.com>
Lei Wang <nkwanglei@126.com>
Leo Zhang <nguzcf@gmail.com>
Leticia Garcia <leti.garcia.martin@gmail.com>
Li Liu <liliueecg@gmail.com>
Li Ma <skywalker.nick@gmail.com>
Li Wei <wei.li@easystack.cn>
Liang Bo <liang.bo@99cloud.net>
Liao Penghui <liaoishere@gmail.com>
Liao Penghui <liaopenghui@unitedstack.com>
Lihi Wishnitzer <lihi.wishnitzer@toganetworks.com>
Liliia Butorina <lilybox@yandex.ru>
Lin Tan <lin.tan@intel.com>
Lingxian Kong <anlin.kong@gmail.com>
Litao <litao3721@126.com>
Liu Li Min <liulm@certusnet.com.cn>
Liu Qing <liuqing@chinac.com>
LiuYang <yippeetry@gmail.com>
Loic Dachary <loic@dachary.org>
Loic Nicolle <loic.nicolle@orange.com>
Longgeek <longgeek@thstack.com>
Louis Taylor <kragniz@gmail.com>
Louis Taylor <louis@kragniz.eu>
Lucio Seki <luciomitsuru.seki@fit-tecnologia.org.br>
Lucio Seki <lucioseki@gmail.com>
Luiz Gavioli <luizbenedito.gavioli@fit-tecnologia.org.br>
Luong Anh Tuan <tuanla@vn.fujitsu.com>
Luz Cazares <luz.cazares@intel.com>
Lyman Xu <13419645907@163.com>
MTamayo <mikecincotamayo@gmail.com>
Maciej Kucia <maciej@kucia.net>
Madhu Mohan N S <mmohan@mvista.com>
Madhu Mohan N S <snmohan83@gmail.com>
Madhu Mohan Nelemane <mmnelemane@suse.com>
Madhuri Kumari <madhuri.kumari@intel.com>
Magesh GV <mageshgv@gmail.com>
Mahati <mahati.chamarthy@gmail.com>
Mahito OGURA <earthdragon77@gmail.com>
Maho Koshiya <koshiya.maho@po.ntt-tx.co.jp>
Major Hayden <major@mhtx.net>
Maksim Malchuk <maksim.malchuk@gmail.com>
Maksym Iarmak <Maksym_Iarmak@symantec.com>
Maksym Iarmak <miarmak@mirantis.com>
Manik Bindlish <manikbindlish19@gmail.com>
Manikantha Srinivas Tadi <manikantha.tadi@gmail.com>
Manjunath Ranganathaiah <manjunath.ranganathaiah@intel.com>
Marc Koderer <marc@koderer.com>
Marc Solanas <msolanas@cisco.com>
Marcel Haerry <marcel.haerry@swisscom.com>
Marcela Bonell <marcelabonell@gmail.com>
Marcellin Fom Tchassem <mf6510@att.com>
Marcus Furlong <furlongm@gmail.com>
Marga Millet <marga.sfo@gmail.com>
Margaret Frances <margaret_frances@cable.comcast.com>
Margarita Shakhova <shakhova.margarita@gmail.com>
Mario Villaplana <mario.villaplana@gmail.com>
Mark Atwood <mark.atwood@hp.com>
Mark Beierl <mark.beierl@dell.com>
Mark Burnett <mark.m.burnett@gmail.com>
Mark Goddard <mark@stackhpc.com>
Mark McClain <mark@mcclain.xyz>
Mark McClain <mmcclain@yahoo-inc.com>
Mark St.Godard <markstgodard@gmail.com>
Mark Sturdevant <Mark.Sturdevant@ibm.com>
Mark Sturdevant <mark.sturdevant@hp.com>
Mark T. Voelker <mvoelker@cisco.com>
Mark T. Voelker <mvoelker@vmware.com>
Mark Wu <wudx@gmail.com>
Markus Groben <markus-groben@t-online.de>
Markus Sommer <markus.alexander.sommer@cern.ch>
Martin André <m.andre@redhat.com>
Martin André <martin.andre@kvhasia.com>
Martin Oemke <zeih@zeih.eu>
Masaki Matsushita <glass.saga@gmail.com>
Masanori Itoh <masanori.itoh@gmail.com>
Masayuki Igawa <masayuki.igawa@gmail.com>
Masayuki Igawa <masayuki@igawa.me>
Mate Lakat <mlakat@suse.com>
Mathias Ewald <mewald@evoila.de>
Mathieu Gagné <mgagne@iweb.com>
Mathieu Mitchell <mmitchell@iweb.com>
Matt Borland <matt.borland@hpe.com>
Matt Dorn <madorn@gmail.com>
Matt Farina <matt@mattfarina.com>
Matt Fischer <matt@mattfischer.com>
Matt Jarvis <matt.jarvis@datacentred.co.uk>
Matt Ray <matthewhray@gmail.com>
Matt Riedemann <mriedem.os@gmail.com>
Matt Thompson <mattt@defunct.ca>
Matthew Black <matthew_black@cable.comcast.com>
Matthew J Black <mjblack@gmail.com>
Matthew Kassawara <mkassawara@gmail.com>
Matthew Montgomery <mattmont@cisco.com>
Matthew Oliver <matt@oliver.net.au>
Matthew Taylor <matthew.taylor@digitalpacific.com.au>
Matthew Treinish <mtreinish@kortar.org>
Maurice Schreiber <maurice.schreiber@sap.com>
Mauricio Faria de Oliveira <mauricio.foliveira@gmail.com>
Mauricio Lima <mauricio.lima@lsbd.ufc.br>
Mauricio Lima <mauriciolimab@gmail.com>
Max Grishkin <mgrishkin@gmail.com>
Maxim Bozhenko <mbozhenko@gmail.com>
Maxim Nestratov <mnestratov@virtuozzo.com>
Maxime Leroy <maxime.leroy@6wind.com>
Md Nadeem <mnadeem@redhat.com>
Megan Rossetti <Rossetti.Megan18@gmail.com>
Mehdi Abaakouk <sileht@sileht.net>
Melvin Hillsman <mrhillsman@gmail.com>
Michael Chapman <michchap@cisco.com>
Michael Chapman <woppin@gmail.com>
Michael Davies <michael@the-davies.net>
Michael H Wilson <geekinutah@gmail.com>
Michael Johnson <johnsom@hp.com>
Michael Johnson <johnsomor@gmail.com>
Michael Krotscheck <krotscheck@gmail.com>
Michael Simo <os@mpmsimo.com>
Michael Still <mikal@stillhq.com>
Michael Wilson <geekinutah@gmail.com>
Michaelliu <ztehypervisor@zte.com.cn>
Michal Nasiadka <michal.nasiadka@nokia.com>
Michal Rostecki <michal.rostecki@allegrogroup.com>
Michal Rostecki <michal@kinvolk.io>
Michal Rostecki <mrostecki@mirantis.com>
Michal Rostecki <mrostecki@suse.com>
Michal Skalski <mskalski@mirantis.com>
Michele Baldessari <michele@acksyn.org>
Miguel Caballer <micafer1@upv.es>
Miguel Grinberg <miguelgrinberg50@gmail.com>
Miguel Lavalle <miguel.lavalle@huawei.com>
Mike Carden <mike.carden@gmail.com>
Mike Dorman <mdorman@godaddy.com>
Mike Durnosvystov <glacierr.dev@gmail.com>
Mike Fedosin <mfedosin@gmail.com>
Mike Fedosin <mikhail.fedosin.ext@nokia.com>
Mike Mason <mikemason010@gmail.com>
Mike Scherbakov <mscherbakov@mirantis.com>
Mike Turvey <michael.w.turvey@intel.com>
Milan Potdar <milan.potdar@intel.com>
Minho Ban <mhban@samsung.com>
Miriam Yumi <miriam.peixoto@netapp.com>
Miriam Yumi <miriamyume@gmail.com>
Mitsuhiro SHIGEMATSU <shigematsu.mitsuhiro@lab.ntt.co.jp>
Mitsuru Kanabuchi <kanabuchi.mitsuru@po.ntts.co.jp>
Mohammad Banikazemi <mb@us.ibm.com>
Mohan Muppidi <mkumar2301@gmail.com>
Mohit Malik <mohit.malik@intel.com>
Mohit Motiani <mohit.motiani@intel.com>
Monty Taylor <mordred@inaugust.com>
Morgan Fainberg <morgan.fainberg@gmail.com>
Muralidharan <muraliselva.10@gmail.com>
Nakul Dahiwade <nakul.dahiwade@intel.com>
Nam Nguyen Hoai <namnh68@fsoft.com.vn>
Name <mh.harsh@gmail.com>
Nandini Tata <nandini.tata@intel.com>
Narender Soorineeda <narender.soorineeda@gmail.com>
Nate Johnston <nate.johnston@redhat.com>
Nate Johnston <nate_johnston@cable.comcast.com>
Nate Marsella <nmarsell@redhat.com>
Nathan Regola <nathan_regola@cable.comcast.com>
Nathan Reller <Nathan.Reller@jhuapl.edu>
Navid Pustchi <npustchi@gmail.com>
Neil Jerram <Neil.Jerram@metaswitch.com>
Neil Jerram <neil@tigera.io>
Neill Cox <neill@ingenious.com.au>
Nick <skywalker.nick@gmail.com>
Nick Jones <nick.jones@datacentred.co.uk>
Nick Jones <nick@stackhpc.com>
Nickolay Smirnov <nsmirnov@hystax.com>
Nicolas Bock <nicolasbock@gmail.com>
Nicolas Haller <nicolas@boiteameuh.org>
Nicolas Trangez <ikke@nicolast.be>
Nikhil Komawar <nik.komawar@gmail.com>
Nikhil Manchanda <SlickNik@gmail.com>
Nikolay Mahotkin <nmakhotkin@mirantis.com>
Nikolay Starodubtsev <nstarodubtsev@mirantis.com>
Ning Sun <ning.sun@intel.com>
Nish Patwa <nish.patwa@intel.com>
Noel Burton-Krahn <noel@burton-krahn.com>
OctopusZhang <zhang.yufei@99cloud.net>
Oleg Borisenko <al@somestuff.ru>
Oleksandr Minakov <alexander_minakov@symantec.com>
Oleksandr Minakov <aminakov@mirantis.com>
Olga Kopylova <olkonami@gmail.com>
Olivier Bourdon <obourdon@opennext.io>
Olivier Lemasle <olivier.lemasle@apalia.net>
Omar <otleimat@ucla.edu>
Omer Anson <omer.anson@toganetworks.com>
Omri Gazitt <ogazitt@gmail.com>
Ondřej Nový <ondrej.novy@firma.seznam.cz>
OpenStack Developer <aradhana1.singh@intel.com>
OpenStack Developer <marcus.g.williams@gmail.com>
Pablo Andres Fuente <pablo.a.fuente@intel.com>
PanFengyun <fengyun.pan@easystack.cn>
PanFengyun <pan_feng_yun@163.com>
Partha Bera <beevatsyu@gmail.com>
Partha Bera <partha.bera@afourtech.com>
Patrick Petit <ppetit@opennext.io>
Paul Belanger <pabelanger@redhat.com>
Paul Carver <pcarver@att.com>
Paul Montgomery <PaulMontgomery.code@gmail.com>
Paulo Matias <matias@ufscar.br>
Pavel Cizinsky <pavel.cizinsky@tcpcloud.eu>
Pavel Kholkin <pkholkin@mirantis.com>
Pawel Palucki <pawel.palucki@intel.com>
Pedro Alvarez <pedro.alvarez@codethink.co.uk>
Pedro Navarro <pednape@gmail.com>
Pengfei Zhang <lalasjtu@gmail.com>
PengfeiDu <58750307@qq.com>
Pengju Jiao <jiaopengju@cmss.chinamobile.com>
Pepijn Oomen <pepijn@redpill-linpro.com>
Pete Birley <pete@port.direct>
Peter Penchev <openstack-dev@storpool.com>
Peter Piela <ppiela@cray.com>
Peter Stachowski <peter@tesora.com>
Petr Michalec <epcim@apealive.net>
Phani Pawan <ppawan@hp.com>
Philippe Godin <pgodin@iweb.com>
Pierre Blanc <pierre.blanc@ormuco.com>
Pierre Padrixe <pierre.padrixe@numergy.com>
Pierre RAMBAUD <pierre.rambaud@numergy.com>
Pierre Riteau <pierre@stackhpc.com>
Pierre-Louis Bonicoli <pierre-louis.bonicoli@libregerbil.fr>
Pradeep Kilambi <pkilambi@redhat.com>
Pradeep Kumar <pk5294@att.com>
Pradeep Kumar Singh <ps4openstack@gmail.com>
Pradeep Kumar Velusamy <PradeepKumar.V@cognizant.com>
Pranav Salunke <dguitarbite@gmail.com>
Prashanth Hari <hvprash@gmail.com>
Prasoon Telang <prasoontelang@gmail.com>
Pratap Vedula <pratapvedula@gmail.com>
Prateek Goel <prateek.goel2@tatacommunications.com>
Praveen Yalagandula <ypraveen@avinetworks.com>
Preethi Dsilva <preethi.dsilva@hp.com>
Prince Nana <prince.a.owusu.boateng@intel.com>
Priti Desai <pdesai@us.ibm.com>
Priti Desai <priti_desai@symantec.com>
Prudhvi Rao Shedimbi <prudhvi.rao.shedimbi@intel.com>
Pushkar Umaranikar <pushkar.umaranikar@intel.com>
Qian Gao <gaoqian1983@outlook.com>
Qin Wang <qin.wang@intel.com>
QingchuanHao <haoqingchuan@hotmail.com>
Qu Zhaoyang <qzyjy666@163.com>
QunyingRan <ran.qunying@zte.com.cn>
R-Vaishnavi <itsvaishnavi@gmail.com>
RUIJIE YUAN <cnjie0616@gmail.com>
Rahul Nair <rahulunair@gmail.com>
Raildo Mascena <raildo@lsd.ufcg.edu.br>
Raildo Mascena <rmascena@redhat.com>
Rajasi Kulkarni <rajasikulkarni18@gmail.com>
Rajdeep Dua <dua_rajdeep@yahoo.com>
Rajiv Kumar <rajivk@inniminshs-2.local>
Rakesh Mishra <mishra.rakesh510@gmail.com>
Ralf Trezeciak <openstack@trezeciak.de>
Rama Puranam <rama.puranam@gmail.com>
Ramakrishnan G <rameshg87@gmail.com>
Ramamani Yeleswarapu <ramamani.yeleswarapu@intel.com>
Ramanjaneya <ramanjaneya.palleti@huawei.com>
Ramon Acedo <ramon@linux-labs.net>
Ramy Asselin <asselin@hpe.com>
Ranler Cao <caoran@fiberhome.com>
Raunak Kumar <rkumar@nimblestorage.com>
Ravi Shekhar Jethani <rsjethani@gmail.com>
Rawlin Peters <rawlin.peters@hpe.com>
Ray Angelone <raymond_angelone@symantec.com>
Ray Schneider <rmschn@gmail.com>
Ray Sun <sunqi@hihuron.com>
Ray Sun <sunqi@prophetech.cn>
Reedip Banerjee <rbanerje@rbanerje.remote.csb>
Renat Akhmerov <rakhmerov@mirantis.com>
Renat Akhmerov <renat.akhmerov@gmail.com>
Ricardo Araújo Santos <ricardo@lsd.ufcg.edu.br>
Ricardo Carrillo Cruz <ricardo.carrillo.cruz@gmail.com>
Ricardo Rocha <rocha.porto@gmail.com>
Rich Hagarty <rich.hagarty@ibm.com>
Rich Hagarty <richard.hagarty@hp.com>
Rich Wellum <richwellum@gmail.com>
Rich Wellum <rwellum@lenovo.com>
Richard Avelar <csravelar@gmail.com>
Richard Jones <r1chardj0n3s@gmail.com>
Richard Pioso <richard.pioso@dell.com>
Richard W Heil <richardwheil@gmail.com>
Rick Chen <rick.chen@prophetstor.com>
Rico Lin <rico.lin.guanyu@gmail.com>
Ritu Sood <ritu.sood@intel.com>
Rob Cresswell <rcresswe@cisco.com>
Rob Cresswell <robert.cresswell@outlook.com>
Rob Parker <rob.s.parker@gmail.com>
Rob Raymond <rob.raymond@hp.com>
Robb Romans <robb.romans@rackspace.com>
Robert Choi <taeilchoi1@gmail.com>
Robin Naundorf <r.naundorf@fh-muenster.de>
Rodolfo Alonso Hernandez <ralonsoh@redhat.com>
Rodrigo Barbieri <rodrigo.barbieri2010@gmail.com>
Rodrigo Barbieri <rodrigo.barbieri@fit-tecnologia.org.br>
Rodrigo Duarte Sousa <rodrigo@waltznetworks.com>
Rodrigo Duarte Sousa <rodrigods@lsd.ufcg.edu.br>
Roey Chen <roeyc@vmware.com>
Rohan Kanade <openstack@rohankanade.com>
Rohan Kanade <rohan.kanade@izeltech.com>
Romain Hardouin <romain.hardouin@cloudwatt.com>
Romain Soufflet <romain@soufflet.io>
Roman Prykhodchenko <me@romcheg.me>
Roman Vasilets <rvasilets@mirantis.com>
Romanos Skiadas <rski@intracom-telecom.com>
Romil Gupta <romilg@hp.com>
Romil Gupta <romilgupta19@gmail.com>
Ronald Bradford <ronald.bradford@gmail.com>
Rongze Zhu <zrzhit@gmail.com>
Ross Krumbeck <ross.krumbeck@gmail.com>
Ruby Loo <rloo@oath.com>
Ruby Loo <rloo@yahoo-inc.com>
Ruby Loo <rlooyahoo@gmail.com>
Ruchi Parmar <ruchiparmar143@ymail.com>
Rudrajit Tapadar <rudrajit.tapadar@gmail.com>
Rui Yuan Dou <rydou@fiberhome.com>
Ruoxi SUN <sunrx@rc.inesa.com>
Rushil Chugh <rushil.chugh@gmail.com>
Ruslan Kamaldinov <rkamaldinov@mirantis.com>
Russell Bryant <rbryant@redhat.com>
Russell Haering <russellhaering@gmail.com>
Russell Sim <russell.sim@gmail.com>
RustShen <rustinpeace@163.com>
Rusty Lynch <rusty.lynch@intel.com>
Ryan Evans <rmevans88@gmail.com>
Ryan Lucio <rlucio@vmem.com>
Ryan Peters <rjpeter2@gmail.com>
Ryutaro Yada <ryutaro.yada@mail.rakuten.com>
SHASHANK TAVILDAR <shashank.s.tavildar@intel.com>
Sachi King <nakato@nakato.io>
Sachi King <sachi.king@anchor.com.au>
Saggi Mizrahi <saggi.mizrahi@huawei.com>
Sahid O. Ferdjaoui <sferdjao@redhat.com>
Sahid Orentino Ferdjaoui <sahid.ferdjaoui@cloudwatt.com>
Saju Madhavan <sajuptpm@gmail.com>
Sam Betts <sam@code-smash.net>
Sam Stoelinga <sammiestoel@gmail.com>
Sam Yaple <sam@yaple.net>
Samuel Cassiba <samuel.cassiba@workday.com>
Samuel de Medeiros Queiroz <samueldmq@gmail.com>
Sanket <sanket@infracloud.io>
Sanket Lawnangare <sanket.lawangare@gmail.com>
Santosh Kumar Kodicherla <ksantosh.cs@gmail.com>
Sarafraj Singh <Sarafraj.Singh@intel.com>
Sarath Chandra Mekala <sarathcm@juniper.net>
SataQiu <qiushida@beyondcent.com>
Satheesh Kumar Ulaganathan <sulaganathan@walmart.com>
Satish Venkatasubramanian <satish.venkatasubramanian@gmail.com>
Satyajeet Shahane <satyajeet.shahane@intel.com>
SauloAislan <sauloa@lsd.ufcg.edu.br>
Scott Adkins <adkinss@gmail.com>
Scott Kelso <sekelso@gmail.com>
Scott McClymont <scott.mcclymont@verizonwireless.com>
Sean Dague <sean@dague.net>
Sean Handley <sean.handley@gmail.com>
Sean M. Collins <sean@coreitpro.com>
Sean M. Collins <sean_collins2@cable.comcast.com>
Sean McGinnis <sean.mcginnis@gmail.com>
Sean McGinnis <sean_mcginnis@dell.com>
Sean Mooney <work@seanmooney.info>
Sean Perry <sean.perry@hpe.com>
Sean Roberts <seanroberts66@gmail.com>
Sebastian Kalinowski <sebastian@kalinowski.eu>
Selvakumar S <selvakumar.s2@hp.com>
SeongSoo Cho <nexusz99@gmail.com>
SerenaFeng <feng.xiaowei@zte.com.cn>
Serg Melikyan <smelikyan@mirantis.com>
Sergey Belous <belous.py@gmail.com>
Sergey Filatov <s.s.filatov94@gmail.com>
Sergey Lukjanov <slukjanov@mirantis.com>
Sergey Lupersolsky <slupers@yahoo-inc.com>
Sergey Reshetnyak <sreshetniak@mirantis.com>
Sergey Vilgelm <sergey@vilgelm.info>
Sergii Golovatiuk <sgolovat@redhat.com>
Seungkyu Ahn <seungkyua@gmail.com>
Shamail Tahir <ItzShamail@gmail.com>
Shang Yong <shangyong@letv.com>
Shangzhong Zhu <zhu.shangzhong@zte.com.cn>
Shantanu Kumar <shantanu.kumar@cognizant.com>
ShaoHe Feng <shaohe.feng@intel.com>
Shashank Kumar Shankar <shashank.kumar.shankar@intel.com>
Shashirekha Gundur <shashirekha.j.gundur@intel.com>
Shaun Smekel <shaun.smekel@theorem.net.au>
Shawn Aten <shawnmaten@gmail.com>
Shawn Hartsock <hartsocks@vmware.com>
Shengjing Zhu <zhsj@umcloud.com>
Shi Yan <yanshi.403@gmail.com>
Shilla Saebi <shilla.saebi@gmail.com>
Shipingzhu <zhu.shiping@zte.com.cn>
Shivanand Tendulker <stendulker@gmail.com>
Shravya Gaddam <shravya.g90@gmail.com>
Shu Shen <sshen@siaras.com>
Shu Yingya <yingya.shu@easystack.cn>
Shuichiro MAKIGAKI <shuichiro.makigaki@mail.rakuten.com>
Shunde Zhang <shunde@aptira.com>
ShunliZhou <slzhou@fiberhome.com>
SiHeng Chen <chensh@rc.inesa.com>
Silvan Kaiser <silvan@quobyte.com>
Simon Pasquier <pasquier.simon@gmail.com>
Simon Pasquier <spasquier@mirantis.com>
Sina Sadeghi <sina.sa@gmail.com>
Sinval Vieira <sinvalneto01@gmail.com>
Siri <siri.kim@sk.com>
Siri Kim <siri.kim@sk.com>
Sirushti Murugesan <sirushti.murugesan@hp.com>
Sivasathurappa Radhakrishnan <siva.radhakrishnan@intel.com>
Skyler Berg <sberg@tintri.com>
Sofer Athlan-Guyot <chem@sathlan.org>
Solio Sarabia <solio.sarabia@intel.com>
Som Mishra <som.mishra@intel.com>
SongRuixia <song.ruixia@zte.com.cn>
SongmingYan <neutron@zte.com.cn>
Sorin Sbarnea <ssbarnea@redhat.com>
Spencer Krum <nibz@cat.pdx.edu>
Spencer Krum <nibz@spencerkrum.com>
Spencer Krum <spencer.krum@hp.com>
Spyros Trigazis <strigazi@gmail.com>
Sridhar Ramaswamy <srics.r@gmail.com>
Stefano Canepa <sc@linux.it>
Stenio Araujo <stenioaraujo@lsd.ufcg.edu.br>
Stephan Renatus <s.renatus@x-ion.de>
Stephen Ahn <skanddh@gmail.com>
Stephen Balukoff <stephen@balukoff.com>
Stephen Finucane <sfinucan@redhat.com>
Stephen Finucane <stephenfin@redhat.com>
Stephen Watson <stephen.watson@intel.com>
Steve Kowalik <steven@wedontsleep.org>
Steve Lewis <stevelle@gmail.com>
Steve Martinelli <s.martinelli@gmail.com>
Steve Martinelli <stevemar@ca.ibm.com>
Steve McLellan <steven.j.mclellan@gmail.com>
Steven Dake <stdake@cisco.com>
Steven Deaton <sdeaton2@gmail.com>
Steven Deaton <sld@hp.com>
Stig Telfer <stelfer@cray.com>
Stig Telfer <stig.openstack@telfer.org>
Sujitha <sujitha.neti@intel.com>
Sumant Murke <sumant.murke@intel.com>
Sumit Jamgade <sjamgade@suse.com>
Sumit Naiksatam <sumitnaiksatam@gmail.com>
SunAnChen <KF.sunanchen@h3c.com>
SunJing22 <sun.jing22@zte.com.cn>
Sungil Im <usnexp@gmail.com>
Sungjin Kang <ujuc@ujuc.kr>
Surajit Roy <beasurajitroy@gmail.com>
Surya Seetharaman <suryaseetharaman.9@gmail.com>
Susanne Balle <sleipnir012@gmail.com>
Susie Gray <susie.gray@hp.com>
Swami Reddy <swamireddy@gmail.com>
Swaminathan Vasudevan <swaminathan.vasudevan@hp.com>
Swaminathan Vasudevan <swaminathan.vasudevan@hpe.com>
Swanand Mhalagi <swan1991m@gmail.com>
Swapnil Kulkarni (coolsvap) <me@coolsvap.net>
Swapnil Kulkarni <coolsvap@gmail.com>
Swapnil Kulkarni <coolsvap@redhat.com>
Swapnil Kulkarni <me@coolsvap.net>
Syed Ahsan Shamim Zaidi <ahsanmohsin04@yahoo.com>
Sylvain Bauza <sbauza@redhat.com>
Sławek Kapłoński <slawek@kaplonski.pl>
Tadas Ustinavičius <tadas@ring.lt>
Taeha Kim <kthguru@gmail.com>
Taekho Nam <career.thnam@gmail.com>
Takaaki FURUKAWA <“takaaki.furukawa@mail.rakuten.com”>
Takashi Sogabe <tasogabe@yahoo-corp.jp>
Takeaki Matsumoto <takeaki.matsumoto@ntt.com>
Takyuki Mitsui <tkyk.mitsui@gmail.com>
Tan Lin <tan.lin.good@gmail.com>
Tang Chen <chen.tang@easystack.cn>
Tao Li <litao3721@126.com>
Tatiana Kholkina <holkina@selectel.ru>
Telles Nobrega <tellesmvn@lsd.ufcg.edu.br>
Telles Nobrega <tellesnobrega@gmail.com>
Teng Fei <teng.fei@h3c.com>
Terry Howe <terrylhowe@gmail.com>
Tetiana Lashchova <tlashchova@gmail.com>
Thanassis Parathyras <aparathyras@stackmasters.eu>
Thang Pham <thang.g.pham@gmail.com>
Thanh Ha <thanh.ha@linuxfoundation.org>
Thanh Ha <zxiiro@linux.com>
Thelo Gaultier <thelo.gaultier@gmail.com>
Theodoros Tsioutsias <theodoros.tsioutsias@cern.ch>
Thiago Gomes <thiago.gomes@lsbd.ufc.br>
Thom Leggett <thom@tteggel.org>
Thomas Bechtold <t.bechtold@telekom.de>
Thomas Bechtold <tbechtold@suse.com>
Thomas Hsiao <thomas.hsiao@hp.com>
Thomas Morin <thomas.morin@orange.com>
Tiago Pasqualini <tiagop.silva@fit-tecnologia.org.br>
Tianbiao Qi <qitianbiao@gmail.com>
Tianshan Qu <tianshan@xsky.com>
Tiger Li <li_ting@inspur.com>
Tim Burke <tim.burke@gmail.com>
Tim Hinrichs <timothy.l.hinrichs@gmail.com>
Tim Kuhlman <tim.kuhlman@hp.com>
Tim Millican <tim.millican@linux.com>
TingtingYu <yu_qearl@163.com>
Tobias Henkel <tobias.henkel@bmw-carit.de>
Tobias Johansson <tjohansson@op5.com>
Tobias Urdin <tobias@busybox.se>
Tom Barron <tpb@dyncloud.net>
Tom Cammann <tom.cammann@hpe.com>
Tom Fifield <tom@openstack.org>
Tom Jose Kalapura <tomjosekal@gmail.com>
Tom Pollard <tom.pollard@codethink.co.uk>
Tomasz 'Zen' Napierala <tomasz@napierala.org>
Tomofumi Hayashi <tohayash@redhat.com>
Tomoki Sekiyama <tomoki.sekiyama@hds.com>
Tony Breeds <tony@bakeyournoodle.com>
Tony Xu <hhktony@gmail.com>
Tovin Seven <tovin07@gmail.com>
Travis McPeak <tmcpeak@us.ibm.com>
Travis McPeak <travis.mcpeak@hp.com>
Travis Tripp <travis.tripp@hpe.com>
Travis Truman <travis_truman@cable.comcast.com>
Trinath Somanchi <trinath.somanchi@nxp.com>
Troy Johns <troy.johns.plde@statefarm.com>
Trygve Vea <trygve.vea@gmail.com>
Tung Doan <doantungbk.203@gmail.com>
Tyler Britten <me@vmtyler.com>
Tyler Britten <tbritten@us.ibm.com>
Ukesh Kumar Vasudevan <ukeshkumar@gmail.com>
Unmesh Gurjar <unmesh.gurjar@hp.com>
VM Brasseur <openstack@vmbrasseur.email>
Val W <val.wanjura@rackspace.com>
Van Hung Pham <hungpv@vn.fujitsu.com>
Vandita Arora <vandita_arora@cable.comcast.com>
Varun Gadiraju <varun.gadiraju@intel.com>
Varun Kavalipurapu <varun.vr850@gmail.com>
Ved Lad <Ved_Lad@symantec.com>
Venkat Dantuluri <rahuldantuluri@gmail.com>
Veronica Krayneva <vkrayneva@mirantis.com>
Vic Howard <victor.r.howard@gmail.com>
Victor Denisov <denisovenator@gmail.com>
Victor Feitosa <victor.feitosa@lsbd.ufc.br>
Victor Lowther <victor.lowther@gmail.com>
Victor Morales <victor.morales@intel.com>
Victor Silva <victor@lsd.ufcg.edu.br>
Victoria Martinez de la Cruz <victoria@vmartinezdelacruz.com>
Vigneshvar.A.S <vigneshvar.a.s@gmail.com>
Vijayaguru Guruchave <vijayaguru.g@cloudenablers.com>
Vijendra Soni <vijendra.soni@cognizant.com>
Viktor Tikkanen <viktor.tikkanen@nokia.com>
Vinay Potluri <vinay.potluri@intel.com>
Vipul Sabhaya <vipuls@gmail.com>
Vishakha Agarwal <agarwalvishakha18@gmail.com>
Vishwanath Jayaraman <vishwanathj@hotmail.com>
Viswa Vutharkar <vpvutharkar@ebaysf.com>
Viswanath Nuggu <nugguviswanathcse@gmail.com>
Vitaly Gridnev <gridnevvvit@gmail.com>
Vivek Dhayaal <vivekdhayaal@gmail.com>
Vlad Gusev <vlad.esten@gmail.com>
Vlad Naboichenko <vnaboychenko@mirantis.com>
Vladik Romanovsky <vladik.romanovsky@enovance.com>
Vladimir Kozhukalov <vkozhukalov@mirantis.com>
Vladimir Kuramshin <v.kuramshin@samsung.com>
Vladimir Sokolov <vsokolov@hystax.com>
Vu Cong Tuan <tuanvc@vn.fujitsu.com>
Wajdi Al-Hawari <walhawari@iweb.com>
Walter A. Boring IV <waboring@hemna.com>
Walter A. Boring IV <walter.boring@hp.com>
Wang Junjie <wang-junjie@outlook.com>
Wang Liangfu <wangliangfu@outlook.com>
WangBinbin <bbwang5827@fiberhome.com>
WangChangyu <wang.changyu@zte.com.cn>
Wanghua <wanghua.humble@gmail.com>
WayneChan <waynechan76@gmail.com>
Wei Hui <huiweics@gmail.com>
Wei Tie <nuaafe@gmail.com>
WenjunWang1992 <10191230@zte.com.cn>
Wenwu <pengwenwu2008@163.com>
WenyanZhang <zhang.wenyan3@zte.com.cn>
Wenzhi Yu <wenzhi_yu@163.com>
Will Miller <willm@stackhpc.com>
Will Miller <wmiller@cray.com>
William Chang <warmchang@outlook.com>
William Chang <zhang.wanmin@zte.com.cn>
William Huang <pyhex2dec@gmail.com>
Wilson Liu <liuxinguo@huawei.com>
Witold Bedyk <witold.bedyk@est.fujitsu.com>
Wonil Choi <wonil22.choi@samsung.com>
WosunOoO <wosunoozzy@gmail.com>
Wu Han <wu.han@h3c.com>
Xav Paice <xav.paice@canonical.com>
Xav Paice <xav@catalyst.net.nz>
Xianghui Zeng <zeng.xianghui@zte.com.cn>
Xianglin Gao <xlgao@zju.edu.cn>
Xiao Jun Xu <xuxiaojun3@huawei.com>
XiaohanZhang <15809181826@qq.com>
XiaojueGuan <guanalbertjone@gmail.com>
Xiaojun Liao <xiaojunliao85@gmail.com>
Xiaojun.Liao <xiaojun.liao@eayun.com>
XieYingYun <smokony@sina.com>
Xing Liu <lxstar01@gmail.com>
Xing Yang <xyang@alum.mit.edu>
Xing Zhang <zhangxing@unitedstack.com>
Xingchao Yu <yuxcer@gmail.com>
Xinni Ge <xinni.ge1990@gmail.com>
Xinran <xin-ran.wang@intel.com>
Xinze Chi <xinze@xsky.com>
Xuanzhou Perry Dong <oss_xzdong@163.com>
XueyingChen <chen.xueying1@zte.com.cn>
YAMAMOTO Takashi <yamamoto@midokura.com>
YAMAMOTO Takashi <yamamoto@valinux.co.jp>
Yaguang Tang <heut2008@gmail.com>
Yaguang Tang <yaguang@umcloud.com>
Yaguang Tang <ytang@mirantis.com>
YanXingan <yanxingan@cmss.chinamobile.com>
Yang JianFeng <yjf1970231893@gmail.com>
Yang Le <yangle@fiberhome.com>
YangShengMing <rory.yang@elits.com>
Yapeng Wu <yapengwu@gmail.com>
Yarko Tymciurak <yarkot1@gmail.com>
Yasuhiro Kimura <kimura.yasuhiro@nttcom.co.jp>
Yasunori Maruyama <y-maruyama@tsh-world.co.jp>
Yatin Kumbhare <yatinkumbhare@gmail.com>
Yecheng Fu <fuyecheng@qiniu.com>
Yih Leong Sun <yihleong@gmail.com>
Yipei Niu <newypei@gmail.com>
Yogeshwar Shenoy <yogeshwar.shenoy@ril.com>
Yolanda Robla Mota <yroblamo@redhat.com>
Yu Mingfei <mfyu@fiberhome.com>
YuYang <yuyangwang1985@gmail.com>
Yuanbin.Chen <cybing4@gmail.com>
Yufei <zhangyf@rc.inesa.com>
YuhengWang <ascendjohan@163.com>
Yujun Zhang <zhang.yujunz@zte.com.cn>
Yuki Nishiwaki <uckey.1067@gmail.com>
Yuko Fukuda <fukuda.yuko@jp.fujitsu.com>
Yulia Ryndenkova <yryndenkova@hystax.com>
YumengBao <yumeng_bao@yahoo.com>
Yumeng_Bao <yumeng_bao@yahoo.com>
Yuriy Babenko <ybabenko3@gmail.com>
Yuriy Taraday <yorik.sar@gmail.com>
Yusuke Higashino <yusuke_higashino@adoc.co.jp>
Yusuke Ide <idzzyzzbi@gmail.com>
Yuval Brik <yuval@brik.org.il>
Yuwei Chou <demoyuw@gmail.com>
ZHAO YI <zhaoyi@cmss.chinamobile.com>
ZTE-SuZhengwei <su.zhengwei@zte.com.cn>
Zachary <mazengxie@126.com>
Zang MingJie <zealot0630@gmail.com>
Zara <thezarazia@gmail.com>
Zara <zara.zaimeche@codethink.co.uk>
Zhao Chao <zhaochao1984@gmail.com>
Zhen Qin <zhenqin@cisco.com>
Zhenguo Niu <Niu.ZGlinux@gmail.com>
Zhenguo Niu <niuzhenguo@huawei.com>
Zhengwei Gao <gaozhengwei1@letv.com>
Zhengwei Gao <multi_task@163.com>
Zhi Kun Liu <liuzhikun@chinac.com>
Zhi Kun Liu <zhikunli@cn.ibm.com>
ZhiQiang Fan <aji.zqfan@gmail.com>
Zhidong Yu <zhidong.yu@intel.com>
Zhihai Song <zhihai.song@easystack.cn>
ZhijunWei <wzj334965317@outlook.com>
Zhiteng Huang <zhithuang@ebaysf.com>
ZhongShengping <chdzsp@163.com>
Zhou Jianming <zhoujm_cri@hotmail.com>
Zhou Zheng Sheng <zhengsheng@awcloud.com>
Ziad Sawalha <gerrit@highbridgellc.com>
ZijianGuo <guozijn@gmail.com>
abhic <abhic@ozlabs.org>
abhishek60014726 <abhishek.gm@hpe.com>
abhishek60058409 <abhishek.gm@hpe.com>
adkinss <adkinss@gmail.com>
admin <zhaoxinyu@huawei.com>
adolphlwq <kenan3015@gmail.com>
afaranha <afaranha@lsd.ufcg.edu.br>
ahdj007 <dong.juan1@zte.com.cn>
ailusazh <ailusazh@126.com>
alicloud-liuxin <tangrong.lx@alibaba-inc.com>
allencloud <allen.sun@daocloud.io>
alop <alopgeek@gmail.com>
amcrn <amcreynolds@ebaysf.com>
anilkumarthovi <anilkumar.thovi@cognizant.com>
ankita_wagh <Ankita_Wagh@symantec.com>
anurag-kumar <anurag.kumar@hitachi.co.in>
armando-migliaccio <armamig@gmail.com>
ashish-kumar-gupta <ashish-kumar.gupta@hpe.com>
ashish.billore <ashish.billore@gmail.com>
astaroverov <astaroverov@mirantis.com>
bailinzhang <bailin.zhang@hotmail.com>
benben <panhaiyang@xiangcloud.com.cn>
bharath <bharath_ves@hotmail.com>
biwei <kkttaa678@163.com>
blkart <blkart.org@gmail.com>
boden <bodenvmw@gmail.com>
boh.ricky <boh.ricky@gmail.com>
braveliuchina <braveliuchina@gmail.com>
briancurtin <brian.curtin@rackspace.com>
caishan <caishan1993@foxmail.com>
caixiaoyu <caixiaoyu@cmss.chinamobile.com>
caowei <cao.wei@99cloud.net>
caoyu <cyzh1202@163.com>
cbrandily <zzelle@gmail.com>
changhyun83 <changhyun83@naver.com>
changzhi <changzhi2@lenovo.com>
changzhi1990 <changzhi@unitedstack.com>
chao liu <liuc@rc.inesa.com>
chendy <chendy@certusnet.com.cn>
cheng <tangch318@gmail.com>
chengyang <374519141@qq.com>
chenlx <chenlx@fiberhome.com>
chenpengzi <1523688226@qq.com>
chenqiaomin <chen.qiaomin@99cloud.net>
chenshuang <952194414@qq.com>
chenxing <chason.chan@foxmail.com>
chenying <ying.chen@huawei.com>
chetna <ck.khullar@gmail.com>
chioleong <chio-fai-sam.leong@hpe.com>
chuanbo <xuchuanbo@hotmail.com>
cissy <laly_liu@163.com>
coco-Gao <419546439@qq.com>
coldmoment <yan.zhiwei1@zte.com.cn>
confi-surya <singh.surya64mnnit@gmail.com>
coolias <coolias.lj@gmail.com>
crazymozart <yulong10@163.com>
cuixiaoyu <cuixiaoyu@163.com>
dagnello <davide_agnello@hotmail.com>
daniel-a-nguyen <dan.nguyens.mail@gmail.com>
daohanli <dhli5759@fiberhome.com>
darkwsh <darkwsh@gmail.com>
david <dlenwell@gmail.com>
derosenet <ronald.de.rose@intel.com>
desheng <tttbxj@163.com>
devin <18310451502@163.com>
devin <genghang888@gmail.com>
dharmendra <dharmendra.kushwaha@india.nec.com>
digambar <digambarpatil15@yahoo.co.in>
dimtruck <dimalg@yahoo.com>
dineshbhor <bhordinesh07@gmail.com>
dongc <dongc@neunn.com>
dongdong tao <dongdong.tao@canonical.com>
dongdongpei <peidongdong121@163.com>
dongjx <dongjx@rc.inesa.com>
dongwenshuai <dong.wenshuai@zte.com.cn>
dsxyy <asmile.yy@gmail.com>
duanyue <duanyue@ghostcloud.cn>
duhzecca <duhzecca@gmail.com>
duyahong <duyahong@sinorail.com>
dwong <danielwang461@gmail.com>
e <huangshan@fiberhome.com>
edison xiang <xiang.edison@gmail.com>
ejbaek <ej218.baek@samsung.com>
erenliu <l.xiaoqiang@qq.com>
ericxiett <eric_xiett@163.com>
fandeliang <fandeliang@letv.com>
fangfei <fangfei@awcloud.com>
fanguiju <fanguiju1992@163.com>
fellypefca <fellypefca@lsd.ufcg.edu.br>
fengbeihong <fengbeihong@gmail.com>
fpxie <fpxie@fiberhome.com>
friendgct <guochunting@inspur.com>
fuzk <fuzk@inspur.com>
gaozx <zxgao@fiberhome.com>
ghanshyam <ghanshyam.mann@nectechnologies.in>
ghanshyam <gmann@ghanshyammann.com>
ghezal sherdil <ghezal.sherdil@gmail.com>
gm10132825 <gaoshilin@163.com>
gnodgnodzhang <zhangdongdong@fiberhome.com>
gnzhang <gnzhang@fiberhome.com>
gokhan.isik <gokhan.isik@tubitak.gov.tr>
gong yong sheng <gong.yongsheng@99cloud.net>
gongxiao <gongxiao@fiberhome.com>
gongzhiyong <igis_gzy@fiberhome.com>
gord chung <gord@live.ca>
gtt116 <gtt116@gmail.com>
guang-yee <guang.yee@hpe.com>
guanwenxue <xgw1989@sina.com>
guanzuoyu <guanzuoyu@cloudin.cn>
guanzuoyu <guanzuoyu@cloudin.kmail.com>
guanzy2016 <guan.zuoyu@zte.com.cn>
guoshuaijie <guo.shuaijie@zte.com.cn>
hanchao <hanchao7@lenovo.com>
hanchao <hanchao@iscas.ac.cn>
haobing1 <bing.hao@easystack.cn>
haobing1 <hao.bing1@zte.com.cn>
haodong tang <haodong.tang@easystack.cn>
hdzhang <hdzhang@fiberhome.com>
heetae82.ahn <heetae82.ahn@samsung.com>
henriquetruta <henrique@lsd.ufcg.edu.br>
hnyang <hnyang@fiberhome.com>
hongzhezheng <zheng.hongzhe32@zte.com.cn>
houming-wang <houming.wang@easystack.cn>
howardlee <lihongweibj@inspur.com>
htpeng <htpeng@fiberhome.com>
huang.huayong <huang.huayong2@zte.com.cn>
huanghe333 <huanghe@fiberhome.com>
huangtianhua <huangtianhua@huawei.com>
huayue <huayuev5@gmail.com>
hydraspy <hydraspy@gmail.com>
hyun-ha <hyun.ha@navercorp.com>
hzliaoyuehua <hzliaoyuehua@corp.netease.com>
ice yao <iceyao@ices-MacBook-Air.local>
igor <igor.milovanovic@ammeon.com>
indicoliteplus <ccyu@fiberhome.com>
indicoliteplus <indicoliteplus@gmail.com>
int32bit <krystism@gmail.com>
jaemin <slamdunkbk@gmail.com>
jainprasuk1996 <jainprasuk1996@gmail.com>
jangpro2 <jangseon.ryu@gmail.com>
jangseon ryu <jangseon.ryu@navercorp.com>
janonymous <janonymous.codevulture@gmail.com>
jayaprakash <jayaprakash.rangaswamy@cognizant.com>
jeckxie <xiexiaozhe@inspur.com>
jeremy.jia <jiapei2@lenovo.com>
jeremy.zhang <zhangjun_inspur@163.com>
jexbow <liangliang.luo@easystack.cn>
jiangpch <jiangpch@gohighsec.com>
jianhuiz <jianhui.zhou@huawei.com>
jianyi <jianyi@sgitg.sgcc.com.cn>
jinke <jin.ke@99cloud.net>
jinzhenguo <jin.zhenguo3@zte.com.cn>
jinzhenguo <jinzhenguo88@sina.com>
jixuepeng <ji.xuepeng@zte.com.cn>
jmeridth <jmeridth@gmail.com>
johjuhyun <juhyun.joh@samsung.com>
jolie <guoshan@awcloud.com>
jonnary <liu.xuefeng1@zte.com.cn>
jordan.dao <jordan.dao@verizonwireless.com>
joseph15 <yfwangfeng1@jd.com>
jun923.gu <gujun1989@126.com>
junbo <jiang.junbo@99cloud.net>
junboli <junbo85.li@gmail.com>
kallimachos <kallimachos@gmail.com>
kaz_shinohara <ksnhr.tech@gmail.com>
kbaikov <konstantin.baikov@gmail.com>
kedy <zhao.kaiA@h3c.com>
kevinson <harry2853@naver.com>
kiwik-chenrui <chenrui.momo@gmail.com>
kkalynovskyi <kkalynovskyi@mirantis.com>
klyang <klyang@fiberhome.com>
knewstadt <keith_github@newstadt.org>
kongpp <kongpp@inspur.com>
kongxiangyun <kongxyxian2010@163.com>
krishnavinochand <krishnavinochand@gmail.com>
kumar_lakshman_kumar <lakshman@aptira.com>
kylin7-sg <kylin7.sg@gmail.com>
lawrencesu <suzhiyuan@inspur.com>
lcsong <lcsong@fiberhome.com>
leiyashuai <leiyashuai@inspur.com>
lg.yue <yuelongguang@letv.com>
liangcui <igis_lc@fiberhome.com>
lianghao <lianghao@cmss.chinamobile.com>
liangjingtao <liang.jingtao@zte.com.cn>
liaozd <liao_zd@hotmail.com>
libing <libing863@fiberhome.com>
lichunhan <chunhan_ryan@163.com>
lihaijing <lihaijing@fiberhome.com>
lihong7313 <38098369@qq.com>
lijiawang <lijiawang8866@gmail.com>
lijingadeveloper <727030349@qq.com>
lijingxin <huayuev5@gmail.com>
lijinhui <jinhui23.li@gmail.com>
lijunbo <lijunbo@fiberhome.com>
lin-hua-cheng <os.lcheng@gmail.com>
linbing <hawkerous@gmail.com>
ling-yun <zengyunling@huawei.com>
lingyongxu <lyxu@fiberhome.com>
linlin <469923498@qq.com>
linyang <linyangwo0@126.com>
lioncruise <272700767@qq.com>
lioplhp <hpliu5898@fiberhome.com>
lipan <lipan7195@fiberhome.com>
lishaoyang <lisy_email@163.com>
liu-yong8 <liu.yong8@zte.com.cn>
liudong <willowd878@gmail.com>
liudui <xichengliudui@foxmail.com>
liuduidui <liuduidui@beyondcent.com>
liuhongjiang <andrew.lhj@gmail.com>
liujiong <liujiong@gohighsec.com>
liujunpeng <liujunpeng@inspur.com>
liulei <liul124@chinaunicom.cn>
liuluyang <1120773382@qq.com>
liumengwen <jelan1022@163.com>
liumk <liumk@rc.inesa.com>
liuqing <jing.liuqing@99cloud.net>
liuqing123 <970717493@qq.com>
liusheng <liusheng@huawei.com>
liusu <liusu@chinac.com>
liuwei <liu.wei81@zte.com.cn>
liuxiaoyang <liuxiaoyang@fiberhome.com>
liuxinrj <liuxinrj@inspur.com>
liuyamin <liuyamin@fiberhome.com>
liuyulong <liuyulong@letv.com>
liuzhuangzhuang <vpbvmw651078@gmail.com>
liuzhuangzhuang <vpbvwm651078@gmail.com>
lixuehai <li.xuehai@99cloud.net>
liyi <liyi8611@gmail.com>
liyi <liyi@liyideMacBook-Pro.local>
liyifeng <307419146@qq.com>
liyingjun <liyingjun1988@gmail.com>
lizhongwen <lizhongwen@chinac.com>
lokesh <lokesh.s@hp.com>
longfeifeng <fenglf@fiberhome.com>
lony <yulongxn@163.com>
loooosy <syluo5695@fiberhome.com>
lovejoy <lyq.0617@gmail.com>
luke.li <lilu7189@fiberhome.com>
lukehinds <lukehinds@gmail.com>
lukepatrick <lukephilips@gmail.com>
lvjiangzhao <jiangzhao_l@hotmail.com>
madhusudhan-kandadai <madhusudhan.openstack@gmail.com>
maestropandy <maestropandy@gmail.com>
mageshgv <mageshgv@gmail.com>
maniksidana <manik@voereir.com>
manoelrui <manoelrui19@gmail.com>
maoshuai <fwsakura@163.com>
marcelodieder <marcelodieder@gmail.com>
marcusvrn <marcusvrn@gmail.com>
mark-xiett <mark_xiett@163.com>
matl <ma.tianliang@zte.com.cn>
matthew wagoner <zxkuqyb@gmail.com>
meizhifang <mei.zhifang97@zte.com.cn>
melanie witt <melwittt@gmail.com>
melissaml <ma.lei@99cloud.net>
mgrosz <maty.grosz@alcatel-lucent.com>
miaohb <miao.hongbao@zte.com.cn>
michaeltchapman <woppin@gmail.com>
mohankumar_n <nmohankumar1011@gmail.com>
mvpnitesh <parimalanitesh@gmail.com>
nail-zte <nail@zte.com.cn>
nategraf <Nate.Graf@rackspace.com>
neethi <neethi209@gmail.com>
nfedotov <nfedotov@cisco.com>
niu-zglinux <Niu.ZGlinux@gmail.com>
nkwanglei <nkwanglei@126.com>
npraveen35 <npraveen35@gmail.com>
ohjoohyun <joo.oh@samsung.com>
pannkotsky <kovvalole@gmail.com>
paulczar <paul@paulcz.net>
pawnesh kumar <pawnesh.kumar@nectechnologies.in>
pawnesh.kumar <pawnesh.kumar@nectechnologies.in>
pcrews <gleebix@gmail.com>
peiyu <peiy@rc.inesa.com>
pengdake <19921207pq@gmail.com>
pengyuan <ypnuaa037@126.com>
pkholkin <pkholkin@mirantis.com>
plokesh1608 <plokesh.1608@gmail.com>
prameswar <engg.pram1@gmail.com>
pran1990 <praneshpg@gmail.com>
preeti-mirji <preeti.sha.mirji@hp.com>
pxy <panxy@fiberhome.com>
qianh <qianh@certusnet.com.cn>
qiankun.zhang <zhangqiankun@sgitg.sgcc.com.cn>
qiky <qiky@inspur.com>
qiu.jibao <qiu.jibao@99cloud.net>
qtlu <qtlu@fiberhome.com>
rackerjoe <breu@breu.org>
raiesmh08 <mh.raies@ericsson.com>
raiesmh08 <mohd.raies@ericsson.com>
raymon.ha <raymon.ha@kakaocorp.com>
realityone <realityone@me.com>
reedip <reedip.banerjee@nectechnologies.in>
renlixing <renlixing@gmail.com>
resouer <resouer@163.com>
ricolin <rico.l@inwinstack.com>
ricolin <rico.lin@easystack.cn>
root <cuixiaoyu@163.com>
root <gustavomonteiro@lsd.ufcg.edu.br>
root <root@localhost.localdomain>
root <tian.mingming@h3c.com>
root <troschinsky@gmail.com>
rossella <rsblendido@suse.com>
rtmdk <rtmdk@163.com>
ruijie <cnjie0616@gmail.com>
sai <saigandham467@gmail.com>
sapd <saphi070@gmail.com>
satyanarayana patibandla <satya.patibandla@gmail.com>
sayantani goswami <sayantani.goswami@intel.com>
scottda <scott.dangelo@gmail.com>
scottda <scott.dangelo@hp.com>
sguduru <SGuduru@walmartlabs.com>
shanker <shanker.jj@cognizant.com>
shaomingwu <shaomingwu@inspur.com>
shapeliang <shapeliang@gmail.com>
sharyhua <shen.lihua@zte.com.cn>
shen guan <guans@rc.inesa.com>
shihanzhang <shihanzhang@huawei.com>
shipeiqi <shipeiqi@cmss.chinamobile.com>
shizhihui <zhihui.shi@easystack.cn>
shpark91 <shpark91@samsung.com>
shuaili.wang <shuaili.wang@easystack.cn>
shuangyangqian <shuangyang.qian@easystack.cn>
shupeng <15050873171@163.com>
shuy <rockstubborn@hotmail.com>
sibaoli <sibaoli@gmail.com>
simonxuemin <simonxuemin@163.com>
sjBark <sj.bark@samsung.com>
sjhan <sjhan@netmarble.com>
smunnangi <munnangi2010@gmail.com>
stanzgy <stan.zgy@gmail.com>
stanzgy <stanzgy@gmail.com>
stephane <stephane@alum.mit.edu>
stevenGao <gaoyl@rc.inesa.com>
sun cheng <sunc@rc.inesa.com>
sunguigang82901 <sunguigang82901@163.com>
sunku ranganath <sunku.ranganath@intel.com>
sunluning <sunluning@t2cloud.net>
sunzuohua <zuohuasun@gmail.com>
suzhengwei <sugar-2008@163.com>
tamilhce <tamilhce@gmail.com>
tellesnobrega <tellesnobrega@gmail.com>
tfger <tfger@localhost.localdomain>
tianhui <tianhui@awcloud.com>
tianliang <tianliang@awcloud.com>
tianquan <tianquan@cloudin.cn>
ting wang <bx_wang@outlook.com>
tinytmy <tangmeiyan77@gmail.com>
tmcpeak <travis_mcpeak@symantec.com>
tpsilva <tiago.pasqualini@gmail.com>
trilliams <tribecca@tribecc.us>
trump.zhang <zhangleiqiang@huawei.com>
tuninger <goodtuninger@gmail.com>
uday344 <uday344@gmail.com>
uschreiber <uwe.schreiber@sva.de>
vaidyanath <vaidyanath.m@gmail.com>
velizarx <velizarx@gmail.com>
venkataharshitha <venkataharshitha186@gmail.com>
venkatamahesh <venkatamaheshkotha@gmail.com>
vikaschoudhary16 <choudharyvikas16@gmail.com>
vishal yadav <vishal.yadav@nectechnologies.in>
vivek.nandavanam <vivek.nandavanam@vmturbo.com>
vktiwar <varun.tiwari27@gmail.com>
vmud213 <vinay50muddu@yahoo.com>
vstepurova <vstepurova@hystax.com>
vxlinux <yan.wei7@zte.com.cn>
w-wanghong <reviewwanghong@126.com>
wangganfu <wangganfu@fiberhome.com>
wanghao <sxmatch1986@gmail.com>
wangjianhe-chinac <wangjianhe@chinac.com>
wangkf <kaifeng.w@gmail.com>
wanglei7217 <wanglei7217@fiberhome.com>
wanglmopenstack <wanglm_openstack@163.com>
wangwei <wangwei@unitedstack.com>
wangxf <wangxf@awcloud.com>
wangxiaocong <wangcong202@163.com>
wangxiyuan <wangxiyuan1007@gmail.com>
wangxiyuan <wangxiyuan@huawei.com>
wangxu <wangxu17@lenovo.com>
wangyao <wangyao@cmss.chinamobile.com>
wangyuwei <wangyuwei@unitedstack.com>
wangzengsen <17125168@bjtu.edu.cn>
wangzhenyu <wangzy@fiberhome.com>
wangzhh <wangzh21@lenovo.com>
warmchang <warmchang@outlook.com>
watanabe.isao <watanabe.isao.openstack@gmail.com>
weichuancheng <weichuancheng@inspur.com>
weiweigu <gu.weiwei@zte.com.cn>
weizhao <zhaowei7146@fiberhome.com>
wen-dwo hwang <wendwo.hwang@gmail.com>
wenbin luo <wbluo@fiberhome.com>
wenchma <wenchma@cn.ibm.com>
wengjiangang <weng.jiangang@zte.com.cn>
whoami-rajat <rajatdhasmana@gmail.com>
wingwj <wingwj@gmail.com>
wizardre <dennis.eastman@verizonwireless.com>
wlei <wleionly@126.com>
woshishui419 <woshishui419@126.com>
wrongfan <rongfan.wang@gmail.com>
wu.chunyang <wu.chunyang@99cloud.net>
wujun <wujun@awcloud.com>
wukent <kwu@suse.com>
wuwei <wu.wei266@zte.com.cn>
wuyongpeng <wuyongpeng163@163.com>
wuyucheng <wu.yucheng@21viacloud.com>
wuyuting <wytdahu@gmail.com>
xgwang5843 <xgwang5843@fiberhome.com>
xhkjoe <1092181938@qq.com>
xhzhf <guoyongxhzhf@163.com>
xiabing.yao <yao3690093@gmail.com>
xianbin <xiexianbin@yovole.com>
xiangbinbin <m13250816269@163.com>
xianming mao <xianming.mao@easystack.cn>
xiaoli <xiaoli@sinorail.com>
xiaoran.li <15901119122@163.com>
xiaoxu790 <chao.xu@timanetworks.com>
xichengliudui <liuduidui@beyondcent.com>
xing-yang <xing.yang@emc.com>
xlgao <xlgao@zju.edu.cn>
xqk <qkxu@fiberhome.com>
xu.hongzhi <xuhongzhi@sgitg.sgcc.com.cn>
xugang <xugangit@126.com>
xulei56 <xulei56@chinaunicom.cn>
xuqihou <xu_91@163.com>
xuxinkun <xuxinkun@gmail.com>
yan.haifeng <haifeng.yan@hp.com>
yan.haifeng <yanheven@qq.com>
yan97ao <magictao@gmail.com>
yangangang <wangy@rc.inesa.com>
yangawnli <yangwanli@jd.com>
yangling <1594282932@qq.com>
yangyang <472374263@qq.com>
yangzhenyu <cdyangzhenyu@gmail.com>
yangzhenyu <zhenyu.yang@eayun.com>
yanheven <yanheven@gmail.com>
yanheven <yanheven@qq.com>
yanli <liyan@harmonycloud.cn>
yanpeifei <yanpeifei@gohighsec.com>
yanpuqing <yanpq@awcloud.com>
yanxubin <xbyan@fiberhome.com>
yaraat <Yaraat@gmail.com>
yaroslavmt <yaroslavmt@gmail.com>
yatin <ykarel@redhat.com>
yatin.kumbhare <yatinkumbhare@gmail.com>
yfzhao <zhaoyunfeng@fiberhome.com>
yifan zhang <zhangyifan@fiberhome.com>
yinshuxun <sxyin@alauda.io>
yixiaolong <yixiaolong_2011@163.com>
yizhihui <yi.zhihui@eisoo.com>
yongiman <yongiman@gmail.com>
yongle li <yongle.li@gmail.com>
yongpeng <jiayongpeng@gmail.com>
youngilkim <youngilkim@netmarble.com>
youngnoh kim <zeroxkim78@gmail.com>
ypbao <ypbao@fiberhome.com>
yrpapa <992641802@qq.com>
yuanbinchen4 <cybing4@gmail.com>
yuanhan <yuan.han@zte.com.cn>
yuanyue <yyuanyuee@163.com>
yuki kasuya <yu-kasuya@kddilabs.jp>
yuli <yuli.stremovsky@huawei.com>
yuntong <yuntongjin@gmail.com>
yuntongjin <yuntong.jin@intel.com>
yuntongjin <yuntongjin@gmail.com>
yunxiaoxi <582930393@qq.com>
yuqian <yu.qian@99cloud.net>
yuyafei <yu.yafei@zte.com.cn>
zackchen <zackchen517@gmail.com>
zcjmath <453528434@qq.com>
zejian Zhuang <zzj123389602@gmail.com>
zeng jia <zengjia@awcloud.com>
zengjianfang <Zeng.Jianfang@zte.com.cn>
zenglulu <zengluul@gmail.com>
zengly <zengly@awcloud.com>
zhang haixia <zhang.haixia@h3c.com>
zhang-shaoman <zhang.shaoman@zte.com.cn>
zhangbailin <zhangbailin@inspur.com>
zhangchao <net.eric.zhang@gmail.com>
zhangdaolong <zhangdaolong@fiberhome.com>
zhangdebo <zhangdebo@inspur.com>
zhangdebo1987 <zhangdebo@inspur.com>
zhanghao16 <zhang.hao16@zte.com.cn>
zhanghongtao <zhanghongtao@fiberhome.com>
zhanghuaikai <great390185229@foxmail.com>
zhangjianfeng <kill51216@163.com>
zhangjl <zhangjl@awcloud.com>
zhangshj <zhangshj@inspur.com>
zhangxi <1275544132@qq.com>
zhangyanxian <zhangyanxianmail@163.com>
zhangyanying <zhangyanying@inspur.com>
zhangyongqian <zhang.yongqian@99cloud.net>
zhangyujun <yujun.zhang@easystack.cn>
zhaodan <zhaodan7597@fiberhome.com>
zhaohua <zhaohua.zhao@huawei.com>
zhaoqin <chaochin@gmail.com>
zhengwei6082 <zhengwei6082@fiberhome.com>
zhengyao1 <zheng.yao1@zte.com.cn>
zhengyin <zhengyin@chinac.com>
zhengyong <zhengy23@163.com>
zhenyang.liang <liangzy@awcloud.com>
zhiguo.li <zhiguo.lee@foxmail.com>
zhiyuan_cai <luckyvega.g@gmail.com>
zhongjun <jun.zhongjun@huawei.com>
zhoumo <zhoumo@fiberhome.com>
zhouyunfeng <zhouyunfeng@inspur.com>
zhu.rong <zhu.rong@99cloud.net>
zhubingbing <1392607554@qq.com>
zhugaoxiao <zhu.gaoxiao@h3c.com>
zhulingjie <easyzlj@gmail.com>
zhurong <aaronzhu1121@gmail.com>
zhuxuanlong <zhu.xuanlong@zte.com.cn>
zhuxuanpeng <zhu.xuanpeng@zte.com.cn>
zhuyan <yanzhu@alauda.io>
zhuzeyu <zhu.zeyu@zte.com.cn>
zikuan <zikuan.ly@alibaba-inc.com>
zinoviev.ii <zinoviev.ii@gmail.com>
zlyqqq <hfzhengliuyang@163.com>
zongzhewang <649826038@qq.com>
zouyee <zounengren@cmss.chinamobile.com>
zte-hanrong <spring068@sina.cn>
zwhe <zwhe@fiberhome.com>
zzq <zqzhang@fiberhome.com>
zzxwill <zzxwill@gmail.com>
Édouard Thuleau <ethuleau@juniper.net>
“Richard <csravelar@gmail.com>
“devon <devon.boatwright@gmail.com>
曹嵘晖 <cr_hui@126.com>
袁亮10192224 <yuan.liang@zte.com.cn>
